TeamName,eFG%,Rk,eFG% Def,Rk,FTR,Rk,FTR Def,Rk,OR%,Rk,DR%,Rk,TO%,Rk,TO% Def.,Rk,3P%,rk,3pD%,rk,2p%,rk,2p%D,rk,ft%,rk,ft%D,rk,3P rate,rk,3P rate D,rk,arate,rk,arateD,rk
Marshall,52.6,76,47.699999999999996,56,26.200000000000003,328,28.000000000000004,95,31.7,78,32.6,330,15.5,29,20.1,73,33.6,196,31.9,62,53.9,45,47.7,69,69.8,259,63.9,2,36.9,199,34.0,71,57.0,42,46.1,66,12.6,28,4.0,1
Kentucky,51.300000000000004,142,48.5,82,32.5,134,29.7,144,38.3,3,25.6,59,17.2,94,16.7,264,35.9,80,32.8,100,50.3,188,48.0,79,70.8,219,73.9,296,29.8,336,34.9,105,56.2,52,48.1,109,10.3,89,5.3,2
Pepperdine,52.0,99,52.5,286,26.8,320,32.6,221,25.900000000000002,258,30.5,282,18.3,197,16.6,281,35.1,125,36.2,295,51.6,116,51.6,250,71.5,193,70.1,95,36.0,230,33.5,57,50.2,181,46.9,78,8.9,157,5.3,3
Montana St.,51.1,162,49.9,139,43.0,6,35.699999999999996,283,25.6,270,25.3,52,17.7,135,20.3,68,31.4,316,35.3,261,53.2,65,48.2,84,75.5,47,72.7,238,33.8,285,34.6,92,49.4,211,40.4,10,9.0,150,5.6,4
Gonzaga,58.3,2,52.2,271,34.0,95,27.3,70,31.3,91,25.8,63,14.7,12,19.0,122,37.7,20,35.1,241,59.1,3,51.9,260,69.9,253,73.4,278,32.5,309,39.1,241,49.6,201,45.1,51,8.6,174,5.6,5
UC Santa Barbara,54.2,30,49.8,131,33.300000000000004,115,28.499999999999996,105,28.000000000000004,201,26.1,75,17.5,119,18.8,130,34.7,148,35.2,248,55.1,19,48.5,95,73.4,121,75.2,336,29.1,340,31.3,26,53.1,114,49.9,158,6.8,289,5.9,6
New Orleans,52.7,71,54.50000000000001,335,36.8,48,39.900000000000006,337,28.799999999999997,173,33.6,346,24.0,362,20.0,77,38.0,15,36.0,283,50.8,167,54.7,338,70.7,224,75.1,333,30.6,327,36.8,164,56.0,61,50.1,160,6.0,320,5.9,7
Youngstown St.,55.2,20,52.1,266,29.799999999999997,239,25.1,28,30.7,107,28.1,168,15.6,30,18.4,154,37.1,35,35.0,237,55.0,22,51.9,261,77.6,16,70.3,108,34.5,269,33.9,69,49.7,196,49.1,139,6.6,299,6.0,8
Portland,53.800000000000004,37,54.50000000000001,334,43.3,5,27.700000000000003,83,24.099999999999998,310,30.2,271,18.0,166,16.900000000000002,253,37.4,27,37.4,339,51.8,104,53.2,311,74.5,83,67.9,27,45.4,18,43.8,342,57.1,40,49.3,141,6.3,309,6.0,9
East Tennessee St.,50.5,191,50.8,197,31.2,194,26.900000000000002,58,29.9,138,28.9,203,19.5,269,17.5,217,32.1,285,32.9,109,51.8,100,51.8,258,67.0,321,73.4,279,34.9,260,43.1,333,47.0,275,51.1,184,9.5,128,6.1,10
Eastern Washington,56.49999999999999,6,49.9,137,32.1,151,29.599999999999998,140,28.1,200,25.900000000000002,66,19.900000000000002,289,15.9,311,35.7,94,32.5,84,58.8,5,50.7,201,75.3,48,75.7,347,43.9,39,43.6,340,55.7,63,49.4,144,8.7,168,6.1,11
Mercer,48.9,265,48.8,92,28.599999999999998,269,35.9,288,30.4,119,27.6,148,18.2,180,17.4,222,32.7,251,33.0,116,48.8,242,48.4,92,69.1,282,72.6,236,30.5,328,34.0,72,47.0,273,45.5,60,5.8,329,6.1,12
Cal St. Bakersfield,45.2,351,51.5,235,30.0,230,44.6,357,26.8,233,28.199999999999996,179,19.900000000000002,291,20.4,66,32.6,255,34.6,215,43.9,351,51.2,232,75.9,40,71.3,159,24.8,361,42.6,327,45.5,312,53.7,256,9.6,125,6.2,13
Portland St.,49.6,226,55.00000000000001,347,34.8,77,46.6,359,24.0,315,31.4,308,16.8,78,21.3,36,33.0,231,36.8,323,49.7,210,55.0,344,73.2,128,74.1,299,36.1,229,33.5,56,50.0,187,54.2,265,8.8,164,6.2,14
UCLA,51.2,151,46.9,32,26.400000000000002,326,27.200000000000003,68,34.599999999999994,21,27.6,144,15.7,35,24.099999999999998,7,34.9,132,31.1,38,50.7,168,47.0,51,71.8,177,70.0,90,28.7,343,39.5,261,51.1,164,51.6,202,11.9,49,6.3,15
West Virginia,51.9,105,50.7,189,40.8,16,39.4,330,33.800000000000004,29,29.099999999999998,215,18.6,218,21.0,48,35.2,116,34.3,197,51.4,127,50.3,183,73.9,99,72.8,244,36.3,222,34.9,103,50.4,176,50.4,168,8.7,169,6.3,16
North Carolina St.,51.6,120,49.3,109,25.8,333,34.1,256,31.0,99,26.8,103,13.600000000000001,5,19.1,115,34.8,142,31.4,48,51.2,137,50.3,184,72.0,172,72.8,246,37.7,174,32.8,45,45.0,322,44.2,39,12.3,35,6.4,17
Wright St.,53.5,45,50.3,164,24.0,350,27.6,82,26.200000000000003,249,26.6,94,17.299999999999997,105,17.2,234,35.1,124,32.6,88,53.9,46,51.2,223,74.5,81,67.5,20,28.2,347,37.8,204,48.1,246,41.1,13,7.4,242,6.4,18
Valparaiso,49.0,259,51.5,233,27.900000000000002,292,31.8,204,22.5,339,24.5,28,18.099999999999998,169,15.6,325,29.2,354,34.3,201,51.9,97,51.6,249,72.5,153,73.4,276,36.2,224,37.8,203,53.5,103,52.0,211,7.3,258,6.4,19
Western Kentucky,50.3,200,50.7,191,31.900000000000002,156,26.3,47,25.8,261,30.5,283,17.1,91,17.8,192,35.0,130,36.9,325,49.1,235,47.3,57,71.3,203,70.1,97,35.9,233,42.6,325,49.0,224,51.5,198,14.8,5,6.5,20
Drake,53.1,60,47.3,41,28.799999999999997,266,26.700000000000003,55,24.3,305,22.400000000000002,4,15.5,28,17.7,198,36.7,46,31.2,40,51.9,94,47.5,65,77.1,22,69.9,85,36.3,219,38.4,222,49.1,219,44.0,37,7.1,270,6.5,21
Ohio St.,51.7,115,49.3,108,26.400000000000002,327,27.500000000000004,78,32.2,62,28.000000000000004,162,16.3,55,16.1,301,35.8,84,32.7,93,50.9,154,49.3,149,74.5,80,72.2,211,31.3,318,37.5,195,42.0,353,49.3,143,10.0,109,6.6,22
Syracuse,51.7,119,51.2,212,30.8,208,21.8,5,30.0,135,33.800000000000004,349,17.0,84,18.7,136,35.3,113,34.4,205,51.2,142,50.8,204,74.6,74,69.4,64,29.3,339,48.4,359,52.1,140,72.8,363,15.6,2,6.7,23
Dayton,53.6,43,44.6,5,35.6,64,23.9,16,29.799999999999997,143,26.6,93,19.1,243,16.2,300,34.9,136,28.8,5,54.3,34,45.5,20,69.0,284,70.6,128,36.9,201,37.8,202,61.6,12,47.3,85,12.0,43,6.7,24
St. John's,49.9,218,50.6,181,27.700000000000003,298,30.7,167,33.2,41,27.900000000000002,157,18.4,204,19.7,88,33.2,223,35.2,251,49.9,199,49.2,139,69.6,266,71.7,180,26.7,355,38.9,233,52.3,130,57.3,317,9.8,119,6.7,25
Missouri,55.50000000000001,14,52.2,272,30.3,220,36.0,291,27.500000000000004,215,37.8,363,16.3,59,24.5,6,36.2,65,35.5,270,56.4,11,51.3,233,75.6,44,75.1,332,43.5,41,43.9,344,57.1,41,57.5,318,8.8,166,6.7,26
Southern Miss,51.2,155,47.599999999999994,52,32.800000000000004,129,30.4,158,30.9,102,28.7,194,17.5,124,19.7,86,32.7,249,32.2,76,52.4,84,47.2,55,72.9,138,72.0,197,37.2,190,38.2,214,55.2,69,52.6,230,7.4,246,6.7,27
Iona,51.800000000000004,109,46.2,20,28.499999999999996,270,31.900000000000002,207,31.2,97,30.5,279,15.1,20,20.8,55,35.8,82,29.5,10,50.9,151,47.1,52,72.8,144,69.8,82,31.7,314,34.4,84,53.8,97,51.4,192,15.3,4,6.8,28
Arkansas,52.0,102,46.400000000000006,23,38.7,28,38.4,319,30.2,129,27.800000000000004,153,18.099999999999998,170,20.5,61,32.1,283,30.9,33,53.6,54,46.5,40,69.0,286,71.4,164,28.1,348,30.4,15,49.5,205,44.3,40,13.3,19,6.8,29
Santa Clara,52.5,80,50.8,196,30.9,203,25.8,38,30.2,126,24.5,26,17.1,85,16.5,287,37.4,28,36.2,293,50.5,179,48.6,101,70.3,237,73.0,259,36.4,216,39.0,237,49.1,220,51.0,177,9.8,118,6.8,30
George Washington,53.400000000000006,48,52.0,260,34.599999999999994,80,27.200000000000003,65,25.900000000000002,255,29.4,230,17.8,148,15.7,322,32.6,261,35.1,243,56.1,14,51.6,248,74.0,95,70.0,87,37.9,164,39.6,263,46.2,300,51.1,185,8.8,162,6.8,31
Houston,53.800000000000004,36,42.699999999999996,3,27.6,300,34.9,270,37.8,4,27.900000000000002,156,15.299999999999999,27,22.400000000000002,22,35.2,115,28.0,2,54.4,33,43.2,4,72.2,161,70.0,89,37.9,165,44.3,347,53.4,108,53.6,253,16.8,1,6.9,32
Oregon,51.7,114,48.1,72,31.4,183,24.5,21,32.9,49,26.5,87,18.5,208,16.7,268,32.4,272,34.2,190,53.8,50,46.2,32,70.7,222,75.8,349,39.5,123,37.2,177,52.0,141,51.1,182,13.1,23,6.9,33
Bradley,52.900000000000006,66,46.6,26,27.0,315,31.6,197,29.2,160,24.0,21,17.9,152,19.400000000000002,103,35.5,103,32.2,74,52.7,78,45.6,23,66.5,327,74.5,312,39.4,125,38.3,215,51.3,158,48.7,124,12.0,44,6.9,34
Long Beach St.,48.6,278,49.5,121,33.7,101,29.799999999999997,145,35.0,19,27.800000000000004,152,18.7,221,18.099999999999998,175,30.2,344,33.7,160,49.6,212,48.8,115,67.7,312,73.1,265,23.2,363,39.7,266,50.5,175,54.9,278,9.1,147,6.9,35
Idaho St.,50.5,187,51.0,204,28.9,262,35.5,281,24.9,294,27.1,117,17.4,115,17.9,184,33.0,233,32.6,90,51.1,144,52.0,268,73.3,126,79.2,363,40.0,107,33.3,49,49.4,210,47.7,100,7.2,262,6.9,36
Bellarmine,51.7,113,54.7,338,25.4,340,31.8,205,20.599999999999998,352,28.1,172,18.2,181,17.7,202,32.6,257,36.3,302,53.9,48,55.0,343,77.1,24,73.1,263,43.2,48,52.0,363,56.2,55,59.0,336,4.9,346,6.9,37
Michigan,51.4,138,48.0,69,30.599999999999998,214,26.400000000000002,48,25.6,268,25.900000000000002,67,14.6,10,14.799999999999999,346,34.6,155,32.0,66,51.2,138,48.0,77,70.3,236,69.5,72,37.6,175,33.8,63,45.3,313,45.1,52,11.7,52,7.0,38
UNC Greensboro,50.6,183,47.8,59,32.4,139,31.4,186,29.2,159,26.5,89,17.8,144,19.3,108,35.1,118,32.8,101,49.3,226,46.8,48,71.4,198,67.7,24,39.1,129,41.2,301,55.8,62,47.5,94,7.4,245,7.0,39
Evansville,45.1,353,55.800000000000004,356,29.4,249,30.099999999999998,153,20.7,351,25.5,58,17.599999999999998,128,18.9,128,32.2,281,38.1,349,43.4,355,54.8,341,63.0,356,76.3,355,33.6,291,41.2,302,45.0,324,57.9,325,5.8,333,7.0,40
Eastern Kentucky,47.599999999999994,309,49.5,123,24.8,344,25.7,36,33.300000000000004,37,30.099999999999998,260,17.2,97,18.4,156,31.5,312,34.1,185,47.8,281,48.5,96,65.1,341,73.7,291,36.4,217,40.0,272,49.9,192,54.7,273,13.3,20,7.1,41
New Mexico,53.400000000000006,47,50.2,158,39.7,22,28.4,101,28.199999999999996,194,27.200000000000003,120,15.8,36,17.599999999999998,207,36.7,47,32.6,86,52.7,79,51.0,211,74.0,94,70.4,112,27.3,352,39.2,251,47.1,270,52.3,223,10.0,112,7.1,42
Texas A&M Commerce,52.400000000000006,81,52.800000000000004,293,28.299999999999997,276,37.9,314,26.5,241,29.9,252,18.9,234,17.7,205,31.9,296,34.8,229,56.2,13,53.1,308,70.0,250,72.0,199,45.6,16,34.9,100,54.1,87,49.9,157,7.9,219,7.1,43
Northern Kentucky,50.2,204,51.4,227,25.900000000000002,332,31.5,190,30.9,103,32.300000000000004,324,18.0,168,23.1,15,35.9,76,37.0,327,47.7,288,48.8,116,69.3,273,70.3,110,41.1,83,39.2,245,56.5,50,60.0,344,7.8,229,7.1,44
McNeese St.,49.1,255,55.2,349,28.299999999999997,278,35.4,280,32.2,63,30.8,292,21.2,335,18.7,137,32.4,267,40.2,362,49.4,224,52.0,271,66.3,332,71.5,174,40.7,92,39.2,246,44.6,335,63.7,361,4.9,348,7.1,45
Northern Iowa,51.300000000000004,141,53.800000000000004,320,31.1,200,26.5,51,22.6,336,22.400000000000002,6,17.7,134,18.2,170,33.7,189,36.0,286,51.7,110,53.6,320,69.9,257,72.9,251,38.8,137,47.0,356,46.1,304,51.9,210,4.6,351,7.1,46
Appalachian St.,48.699999999999996,273,47.9,65,29.299999999999997,251,24.8,25,24.5,299,28.799999999999997,200,16.3,58,17.1,238,32.9,238,33.4,140,48.3,261,46.5,41,65.1,340,72.7,240,38.3,153,38.3,216,49.1,218,50.8,176,12.3,37,7.2,47
American,54.400000000000006,28,51.800000000000004,246,27.900000000000002,294,32.1,213,28.299999999999997,193,27.900000000000002,159,22.0,348,19.2,113,34.6,150,38.5,353,55.8,15,48.7,105,70.1,243,72.3,220,36.1,228,33.7,61,55.5,67,52.3,221,11.4,58,7.2,48
Eastern Michigan,49.2,250,55.60000000000001,354,32.2,149,35.0,273,25.1,288,32.800000000000004,334,16.900000000000002,81,17.1,239,31.4,320,34.1,186,50.3,189,58.7,363,76.5,30,70.5,115,33.5,293,41.4,307,37.0,363,47.3,90,6.3,307,7.2,49
Oklahoma St.,50.2,203,46.400000000000006,24,32.7,132,31.1,178,31.7,81,28.9,202,20.599999999999998,318,19.2,112,31.8,301,32.0,67,51.8,98,45.4,18,69.9,251,74.8,322,39.5,122,37.9,206,51.7,151,52.9,237,13.8,12,7.3,50
Kent St.,51.1,164,47.099999999999994,37,31.6,172,38.6,323,30.3,124,30.7,291,16.6,68,22.8,18,33.2,222,31.0,36,51.9,93,47.5,64,72.7,147,71.8,182,38.5,147,40.7,289,45.8,307,51.8,207,12.4,33,7.3,51
Georgetown,47.4,319,53.400000000000006,315,29.599999999999998,244,24.6,23,29.5,153,30.0,256,17.7,141,15.9,309,31.4,321,38.8,357,47.5,292,50.4,189,71.4,200,72.6,235,30.8,324,39.0,238,46.4,295,60.4,348,12.1,42,7.3,52
Yale,53.2,55,47.199999999999996,38,30.599999999999998,212,33.6,244,28.4,188,22.6,7,16.400000000000002,60,18.8,129,35.0,128,32.7,95,53.6,55,46.0,28,69.9,252,70.0,92,34.8,262,40.2,280,48.6,235,51.1,183,11.0,74,7.3,53
Towson,51.2,154,48.9,95,30.099999999999998,225,28.599999999999998,112,35.8,12,26.5,86,18.4,202,17.9,186,37.0,36,33.6,153,48.9,241,47.9,74,71.0,212,74.7,317,34.4,272,39.7,265,54.2,86,51.1,181,10.2,99,7.3,54
Utah St.,56.3,9,48.5,81,35.3,68,29.2,123,27.400000000000002,219,24.6,31,17.4,112,16.0,307,39.2,6,35.4,262,54.5,32,46.1,30,77.4,18,74.7,316,41.9,65,34.8,95,62.0,10,47.5,93,8.8,160,7.3,55
Stetson,54.1,31,53.300000000000004,305,25.5,338,29.5,138,28.7,174,28.299999999999997,181,15.8,37,14.499999999999998,351,38.6,11,36.2,292,51.1,147,52.7,299,77.0,26,73.8,292,43.9,38,37.3,180,49.3,215,51.7,204,8.2,204,7.3,56
Southeastern Louisiana,50.9,170,54.50000000000001,336,31.7,170,33.2,233,27.500000000000004,214,29.4,229,16.7,74,19.8,81,36.2,66,38.3,351,49.1,237,52.4,290,74.7,70,69.4,63,34.1,278,41.7,314,50.6,173,55.2,284,4.6,352,7.3,57
Indiana,53.900000000000006,34,47.5,48,30.3,219,30.4,159,28.199999999999996,195,27.6,150,17.299999999999997,106,16.6,277,37.6,23,33.0,111,53.0,73,46.3,36,71.4,197,69.5,71,26.7,354,38.1,212,53.6,100,47.8,104,13.5,15,7.4,58
UMass Lowell,53.7,39,46.800000000000004,28,32.9,127,33.6,242,36.1,10,27.400000000000002,129,20.0,296,20.1,76,37.6,22,34.4,202,52.5,82,44.5,9,74.1,87,73.7,287,31.0,322,31.8,29,51.6,153,46.2,68,12.6,29,7.4,59
Florida St.,49.4,241,53.300000000000004,308,30.7,211,30.8,170,25.5,272,31.900000000000002,320,17.599999999999998,133,17.299999999999997,229,33.2,227,37.9,347,49.1,236,50.9,207,73.1,131,75.7,348,34.3,275,40.8,294,53.5,105,55.3,287,11.2,68,7.4,60
Cincinnati,52.2,91,47.8,58,25.4,339,29.9,151,30.5,114,27.400000000000002,132,15.299999999999999,26,16.900000000000002,252,35.8,83,32.1,69,51.2,139,47.7,70,70.5,230,74.9,329,39.9,112,30.5,16,55.0,73,49.7,153,9.2,139,7.4,61
North Dakota St.,52.2,92,50.6,178,31.2,193,27.0,61,24.099999999999998,309,22.400000000000002,5,17.2,92,12.4,363,34.1,175,34.1,181,52.8,77,50.3,182,70.6,226,74.9,328,38.9,133,34.8,96,42.6,349,42.0,18,7.5,236,7.4,62
Montana,53.5,44,50.7,186,29.099999999999998,258,38.3,317,24.099999999999998,312,25.3,53,17.1,87,16.2,298,37.6,24,31.9,60,51.6,114,52.2,283,78.2,10,77.1,359,40.0,106,34.9,101,50.1,185,46.6,73,7.4,244,7.4,63
San Jose St.,50.6,182,48.9,97,27.800000000000004,295,28.1,97,34.699999999999996,20,23.799999999999997,18,19.1,239,13.200000000000001,362,33.3,221,34.9,234,51.1,146,47.0,50,67.5,314,77.4,360,41.6,71,35.4,121,49.4,212,51.3,189,12.0,45,7.5,64
BYU,51.5,126,49.3,110,32.1,150,36.8,298,31.900000000000002,74,23.7,15,20.4,312,18.5,152,32.8,245,33.4,141,53.0,74,48.7,109,72.8,145,69.5,70,39.8,114,38.2,213,53.5,104,50.1,161,11.2,65,7.5,65
Kansas,52.300000000000004,87,46.9,30,30.0,227,32.2,215,28.799999999999997,171,28.299999999999997,180,17.2,96,20.1,74,34.8,139,31.5,50,52.4,83,46.7,45,72.4,155,72.3,218,34.1,279,35.8,137,60.9,14,46.0,64,10.4,85,7.5,66
Mississippi,47.5,313,49.4,118,29.599999999999998,242,31.1,179,33.800000000000004,28,30.0,255,18.5,213,18.0,179,29.7,350,33.9,171,49.0,238,48.7,112,69.8,261,74.1,300,34.5,270,33.8,64,52.5,127,55.6,292,10.3,93,7.5,67
Marist,48.1,294,49.4,117,27.0,316,28.599999999999998,114,25.3,278,27.900000000000002,160,17.8,146,17.2,235,32.4,271,37.0,329,47.8,283,45.7,25,69.0,285,72.5,229,42.9,53,37.1,175,48.0,251,48.9,132,10.1,103,7.5,68
Ball St.,53.300000000000004,52,50.8,195,42.8,8,31.6,192,30.9,104,28.000000000000004,163,17.8,147,16.8,257,37.2,33,38.2,350,51.8,106,47.6,68,68.4,296,72.9,253,36.8,203,33.1,47,49.7,195,37.7,4,9.3,134,7.5,69
Murray St.,49.0,257,51.9,258,33.2,119,24.4,20,27.400000000000002,217,27.3,125,16.2,49,15.6,323,32.6,262,33.4,142,49.1,233,53.2,313,74.1,90,72.4,221,32.7,303,42.0,318,48.1,247,52.9,238,7.2,266,7.5,70
Georgia Southern,48.199999999999996,293,49.5,122,27.900000000000002,291,34.599999999999994,261,25.8,266,27.3,126,16.3,54,18.3,163,31.8,303,33.2,129,48.4,256,49.4,154,70.0,248,70.6,127,33.9,284,36.7,161,40.1,361,48.1,110,7.1,272,7.5,71
Utah Valley,50.9,171,44.1,4,36.4,55,29.099999999999998,121,28.9,168,29.299999999999997,221,19.1,248,16.8,261,32.3,276,31.5,52,52.2,88,42.4,2,74.5,77,68.2,34,33.5,292,33.7,62,57.3,36,45.0,49,15.4,3,7.6,72
USC Upstate,51.1,163,50.0,147,32.2,145,43.8,354,24.5,301,32.7,332,19.5,272,20.5,62,33.6,195,34.2,189,51.5,117,49.3,148,65.5,339,71.0,149,34.8,263,35.6,132,46.3,296,47.0,81,12.8,25,7.6,73
San Diego St.,51.2,153,48.199999999999996,74,33.7,100,30.2,154,31.7,80,25.5,56,17.8,143,19.900000000000002,78,35.3,112,29.8,14,50.1,191,50.6,199,73.5,119,74.2,301,35.2,257,40.7,291,52.0,143,46.8,76,10.8,77,7.6,74
North Texas,51.0,166,45.7,13,31.8,161,39.7,335,33.5,34,27.6,145,19.7,277,20.5,63,35.7,87,31.0,35,49.3,225,45.2,16,75.9,37,70.1,94,41.0,84,34.3,80,48.8,228,42.2,22,9.2,138,7.6,75
Clemson,54.50000000000001,26,47.4,44,30.8,206,31.5,189,23.200000000000003,327,24.5,27,16.1,48,16.7,262,36.9,41,33.4,136,54.0,42,45.6,22,79.3,4,73.4,273,39.9,110,41.0,297,53.9,94,48.8,128,8.9,158,7.6,76
Radford,51.5,131,52.6,289,28.799999999999997,267,32.300000000000004,216,30.7,109,27.900000000000002,158,18.4,205,20.3,69,35.7,88,34.0,173,50.5,176,53.5,317,68.7,294,66.9,13,32.7,302,37.4,188,46.1,303,47.7,102,8.5,180,7.6,77
Samford,53.6,42,51.9,254,41.0,15,37.6,311,28.199999999999996,199,27.0,112,17.9,155,19.8,82,36.5,50,37.0,326,52.6,80,49.0,125,75.1,52,70.8,136,45.6,15,44.4,348,45.1,319,57.6,323,8.5,189,7.6,78
Texas Southern,46.5,333,50.2,163,33.4,111,37.3,307,28.199999999999996,198,27.3,124,20.1,303,18.099999999999998,176,28.6,361,34.7,225,47.9,275,49.2,142,65.0,342,71.0,150,28.5,345,35.1,112,43.6,343,47.6,99,8.0,215,7.6,79
New Mexico St.,50.2,205,53.7,319,34.699999999999996,78,37.0,302,27.0,229,26.5,90,18.3,191,19.1,119,35.1,119,36.8,320,48.8,245,52.5,295,68.3,300,72.2,213,36.4,215,45.5,351,44.7,333,49.4,145,7.3,254,7.6,80
Stony Brook,47.5,314,50.3,167,29.4,247,26.200000000000003,44,21.9,342,27.400000000000002,138,19.6,274,14.000000000000002,359,31.1,330,33.8,164,48.1,268,50.0,171,75.2,50,70.0,86,44.4,32,43.8,343,52.2,134,53.6,254,7.3,259,7.6,81
Lipscomb,53.7,40,50.2,157,23.599999999999998,354,23.3,12,25.0,290,24.6,33,17.299999999999997,103,15.6,324,36.0,74,34.3,195,53.5,58,49.4,152,76.3,32,75.3,340,37.8,171,39.0,235,48.7,233,40.8,12,7.0,275,7.6,82
Florida Atlantic,55.2,19,47.0,33,29.299999999999997,250,27.3,74,30.4,117,24.3,24,16.3,52,18.6,139,38.0,16,33.6,152,53.8,49,45.2,14,71.3,202,74.8,321,44.4,34,33.6,58,52.1,136,34.2,2,6.6,296,7.6,83
Mississippi St.,47.599999999999994,311,46.0,18,34.5,81,28.199999999999996,99,35.099999999999994,16,28.999999999999996,208,19.1,247,22.400000000000002,23,27.3,362,30.9,34,51.2,136,45.7,24,64.6,346,72.7,242,35.4,252,43.1,332,59.7,16,58.0,326,11.2,69,7.7,84
Iowa St.,50.8,174,49.5,120,28.1,284,39.900000000000006,338,32.7,54,26.8,102,19.3,257,25.3,2,33.6,191,33.2,126,50.9,156,49.2,138,67.2,319,71.4,165,34.2,277,46.5,355,55.6,66,57.9,324,10.7,79,7.7,85
St. Bonaventure,49.3,245,48.8,91,30.099999999999998,224,41.4,345,27.6,212,29.299999999999997,223,18.8,229,19.7,89,35.0,127,29.1,9,47.4,293,52.1,280,70.6,228,71.2,157,36.3,220,39.5,260,49.5,206,56.0,301,10.4,87,7.7,86
Southeast Missouri St.,50.0,217,51.6,238,38.3,30,43.6,353,25.3,283,27.900000000000002,161,17.299999999999997,107,19.0,123,33.3,214,35.3,257,50.0,196,50.8,206,71.8,179,69.0,51,39.8,113,35.5,125,51.1,161,50.7,175,8.5,185,7.7,87
Binghamton,49.5,236,50.0,148,28.4,272,35.9,289,28.7,176,27.200000000000003,119,19.3,258,15.4,334,31.9,299,33.3,135,50.1,192,50.0,168,71.4,199,73.6,285,29.6,337,35.4,124,45.0,323,41.9,17,8.2,202,7.7,88
Washington St.,50.3,198,49.9,141,28.4,271,28.4,102,32.0,71,26.0,69,18.6,215,16.6,283,36.5,55,32.3,78,46.9,306,50.6,200,71.2,206,68.0,29,43.3,45,32.0,33,48.9,225,47.7,101,7.2,263,7.7,89
UMBC,51.300000000000004,144,52.900000000000006,295,27.0,317,25.6,34,26.400000000000002,243,26.8,105,14.799999999999999,13,16.900000000000002,251,33.8,184,37.7,345,51.8,105,50.6,198,74.7,69,72.1,204,39.6,116,38.9,231,52.9,121,51.2,186,7.0,279,7.7,90
USC,51.4,137,45.1,10,33.5,107,29.2,124,28.999999999999996,163,32.9,337,18.099999999999998,177,18.2,171,34.4,165,32.9,108,51.3,131,42.6,3,74.3,84,72.5,226,32.8,300,36.9,170,52.1,138,56.0,299,13.9,10,7.8,91
Norfolk St.,53.1,58,51.0,203,38.1,32,35.8,285,33.4,36,31.0,297,20.1,304,18.6,144,33.5,207,35.2,250,54.6,30,49.3,145,75.0,56,68.4,38,35.8,234,47.3,358,46.5,293,62.4,359,12.3,38,7.8,92
Cal St. Northridge,44.4,358,51.0,205,36.5,52,39.1,327,27.3,223,30.2,268,19.400000000000002,264,18.0,180,31.6,308,34.9,236,42.8,358,50.1,175,73.3,124,74.5,310,32.8,301,38.3,218,43.5,344,53.5,251,9.6,124,7.8,93
Austin Peay,46.300000000000004,336,54.7,340,26.1,330,37.0,304,26.0,254,31.900000000000002,319,17.4,118,19.5,99,31.2,325,34.4,208,46.0,327,56.4,354,74.0,97,74.4,309,38.5,149,35.2,114,50.5,174,54.0,261,8.8,163,7.8,94
Grand Canyon,51.300000000000004,143,47.0,34,36.4,56,32.4,218,31.6,86,30.9,295,18.9,235,15.8,316,35.9,81,32.6,87,49.6,211,46.0,29,72.0,171,69.2,58,40.1,103,32.1,35,45.0,321,42.1,21,8.4,190,7.8,95
Sacramento St.,50.5,192,52.0,262,28.000000000000004,290,25.900000000000002,41,33.2,39,24.7,34,20.7,321,14.6,350,34.8,146,35.9,281,49.6,216,51.2,229,70.6,227,73.7,289,35.4,253,30.8,21,56.2,51,45.7,63,7.1,271,7.8,96
Rider,49.6,228,50.2,160,29.4,246,38.5,321,33.5,33,28.199999999999996,174,17.7,137,16.400000000000002,292,33.3,218,36.0,287,49.5,222,47.2,56,73.5,116,63.9,1,26.0,356,43.1,336,42.8,347,52.6,232,6.8,291,7.8,97
San Diego,51.1,159,58.199999999999996,363,30.9,205,33.4,236,27.900000000000002,206,29.7,242,16.0,45,17.299999999999997,225,34.8,143,41.0,363,50.4,186,55.9,350,76.8,29,67.1,16,36.4,213,41.7,313,45.3,314,60.4,349,4.9,347,7.8,98
Oral Roberts,56.3,10,49.3,106,23.799999999999997,352,21.9,6,24.0,314,26.900000000000002,110,13.0,1,17.7,197,37.5,26,34.8,226,56.3,12,47.4,58,78.1,12,71.5,166,45.4,19,40.2,278,47.4,263,46.5,72,13.5,14,7.9,99
Robert Morris,49.2,246,49.6,128,26.900000000000002,318,31.1,181,29.7,149,28.499999999999996,184,19.5,268,19.1,121,31.4,318,36.2,300,50.4,184,47.4,61,72.4,156,72.9,250,36.6,208,31.9,32,54.0,89,44.5,43,11.2,63,7.9,100
Texas St.,48.3,288,50.9,200,33.1,121,41.5,346,31.7,84,28.199999999999996,175,17.9,158,18.6,141,31.7,306,36.4,309,48.5,253,49.1,133,72.4,157,70.8,137,25.7,358,33.4,53,41.1,358,47.2,84,10.4,86,7.9,101
St. Francis PA,51.9,103,51.9,255,32.800000000000004,131,29.9,148,25.3,280,28.9,205,18.3,195,14.7,347,36.4,61,33.7,157,50.4,182,52.7,300,69.9,256,68.8,44,35.8,236,35.1,110,52.2,132,50.4,166,5.5,339,7.9,102
Sacred Heart,48.4,287,50.2,161,27.6,301,26.5,52,28.799999999999997,169,30.8,293,18.8,231,19.400000000000002,104,30.6,337,34.1,187,49.8,205,49.7,160,67.5,315,71.1,154,36.1,227,36.9,168,51.1,162,53.3,249,8.6,177,8.0,103
Miami OH,52.2,89,53.400000000000006,312,31.900000000000002,159,36.8,299,26.200000000000003,250,32.5,329,19.7,282,17.9,187,33.0,234,35.3,258,54.0,44,53.6,319,78.5,8,73.4,274,41.3,78,35.9,138,53.7,98,49.6,149,7.0,277,8.0,104
Loyola MD,51.300000000000004,146,55.50000000000001,353,28.199999999999996,283,29.799999999999997,147,26.6,237,28.7,196,20.4,313,20.200000000000003,72,35.6,98,37.1,332,50.0,197,55.3,348,64.6,347,70.6,130,38.9,132,36.8,163,54.0,90,54.4,268,7.0,280,8.0,105
UC Irvine,52.0,95,45.5,12,29.599999999999998,240,37.1,305,26.6,238,26.200000000000003,78,17.5,120,17.4,220,37.0,37,31.8,56,50.3,187,44.3,8,73.1,130,73.5,281,32.2,310,36.0,140,52.2,133,50.1,162,5.7,335,8.0,106
Illinois,51.6,122,46.5,25,34.0,91,29.299999999999997,125,32.300000000000004,60,26.6,92,18.5,209,18.8,131,31.0,331,33.4,144,55.4,18,44.9,13,68.2,301,70.7,134,42.2,60,30.7,19,46.4,294,44.7,46,14.1,8,8.1,107
Vanderbilt,49.4,238,49.1,103,31.6,175,31.3,184,31.4,88,30.599999999999998,286,15.8,38,14.899999999999999,342,34.0,177,31.3,44,48.3,260,50.4,188,71.1,208,70.4,113,42.2,59,37.0,172,47.2,267,49.9,159,11.9,48,8.1,108
Massachusetts,47.099999999999994,326,50.1,154,32.800000000000004,130,32.800000000000004,224,34.4,22,28.199999999999996,173,19.900000000000002,290,19.2,111,33.6,197,33.0,115,45.7,332,50.4,190,71.6,187,71.1,152,29.9,333,40.8,295,54.9,77,59.2,339,11.2,70,8.1,109
Nicholls St.,50.1,213,52.2,274,27.500000000000004,303,47.4,361,29.599999999999998,152,33.0,340,18.5,214,23.400000000000002,13,33.7,187,36.1,291,49.9,200,51.1,217,64.3,349,74.3,306,35.8,238,38.3,217,48.5,236,60.6,352,8.7,172,8.1,110
UNC Wilmington,49.0,261,49.3,112,39.900000000000006,20,37.7,312,27.1,226,28.1,169,18.3,194,20.8,56,33.6,194,30.6,24,48.2,263,51.2,230,73.9,100,70.0,88,34.2,276,35.2,115,44.1,339,39.6,7,7.0,274,8.1,111
Lehigh,49.8,221,50.3,165,31.1,197,28.499999999999996,107,18.8,360,26.700000000000003,101,17.4,114,16.6,278,35.0,131,32.8,102,48.4,255,50.9,208,75.1,54,68.4,37,33.6,287,34.8,97,48.2,243,47.6,98,5.6,337,8.1,112
Detroit,51.4,136,53.6,318,27.200000000000003,313,28.9,117,35.8,13,29.7,239,17.599999999999998,132,17.1,240,38.7,10,36.8,319,46.4,320,52.6,298,77.2,21,75.7,346,42.7,56,39.4,255,46.8,276,52.9,239,5.3,342,8.1,113
Gardner Webb,50.7,178,49.1,102,34.8,75,39.6,334,28.499999999999996,184,25.1,44,19.5,266,20.3,71,32.8,243,34.7,223,51.5,119,47.4,60,62.5,361,71.6,178,33.6,288,37.7,199,47.2,268,48.6,121,13.8,11,8.2,114
Grambling St.,49.9,219,45.0,7,41.099999999999994,13,41.199999999999996,342,30.7,110,30.4,277,21.4,341,21.099999999999998,46,35.6,97,30.8,29,48.5,250,44.2,7,63.5,353,65.8,7,27.6,350,38.8,230,50.4,178,52.2,218,12.4,34,8.2,115
SIU Edwardsville,48.5,283,49.0,99,40.300000000000004,18,34.599999999999994,258,30.599999999999998,113,29.4,227,18.5,212,19.2,110,32.3,275,33.6,156,48.5,252,48.1,82,73.6,114,72.6,232,37.5,181,36.2,144,48.0,250,46.7,75,10.6,81,8.2,116
Duquesne,51.300000000000004,147,50.0,146,26.5,324,34.300000000000004,257,33.0,47,33.0,339,17.2,99,20.9,50,36.7,45,35.2,244,48.8,244,48.6,103,69.2,277,69.0,53,39.4,124,34.2,77,56.1,57,53.1,243,10.1,105,8.2,117
Lindenwood,48.8,268,52.400000000000006,283,28.299999999999997,275,31.1,180,23.0,331,31.0,299,19.5,271,17.8,196,36.2,68,35.2,246,45.7,334,52.0,274,73.1,134,69.2,57,35.6,242,41.3,306,45.7,309,54.8,276,9.6,126,8.2,118
Miami FL,54.900000000000006,22,51.0,201,30.599999999999998,215,23.5,13,32.4,58,28.799999999999997,198,16.6,67,18.3,165,37.2,32,33.1,120,54.5,31,51.9,262,78.0,15,74.7,315,34.5,271,37.5,194,51.9,149,53.0,241,8.7,170,8.2,119
Nebraska Omaha,48.5,282,53.2,304,29.599999999999998,243,33.4,237,24.2,308,28.9,207,18.5,211,15.8,313,33.7,190,36.5,312,47.7,287,52.0,272,78.1,13,75.0,331,29.4,338,40.9,296,47.4,264,52.4,227,8.4,194,8.2,120
Drexel,49.4,240,47.4,46,30.099999999999998,223,24.2,19,29.4,155,27.400000000000002,134,17.9,156,18.0,178,31.8,304,33.5,150,50.6,173,46.2,34,68.1,303,71.1,153,40.3,100,28.4,4,48.4,237,46.8,77,8.0,214,8.2,121
Jacksonville St.,50.5,190,52.5,287,31.8,164,29.5,137,29.4,156,24.099999999999998,22,20.200000000000003,307,16.5,289,36.0,73,34.9,233,47.9,276,52.7,301,70.2,240,74.9,330,43.4,44,49.2,360,49.5,208,57.5,320,7.9,222,8.2,122
Louisiana Lafayette,53.1,62,50.7,187,37.9,36,33.800000000000004,245,34.1,25,26.700000000000003,96,17.599999999999998,130,18.2,169,36.2,67,36.5,310,52.4,87,48.9,119,67.3,317,70.9,144,31.9,313,30.5,17,51.3,157,43.8,35,7.3,250,8.2,123
IUPUI,49.7,223,55.00000000000001,346,32.2,148,36.0,290,28.999999999999996,166,31.900000000000002,318,23.200000000000003,359,16.7,273,29.8,349,37.2,336,51.7,113,54.6,335,69.3,276,76.5,357,28.8,342,39.2,250,44.7,330,54.8,277,6.7,295,8.2,124
St. Francis NY,45.9,339,50.5,177,31.1,198,31.6,196,30.9,105,31.8,316,21.099999999999998,330,19.6,97,36.5,51,39.7,361,41.6,362,47.1,53,70.0,247,69.3,61,33.1,298,27.4,2,51.2,159,54.2,264,11.2,67,8.3,125
Boston College,48.6,276,51.4,230,27.3,309,27.3,75,27.200000000000003,224,28.4,182,18.5,210,18.6,142,32.0,290,36.8,324,48.8,246,48.9,120,72.5,151,72.5,228,31.3,319,39.9,270,50.4,179,49.0,135,10.9,75,8.3,126
Texas,53.300000000000004,51,48.699999999999996,87,31.6,174,35.199999999999996,275,28.4,189,29.299999999999997,222,16.5,64,22.7,20,34.5,156,33.3,133,54.1,40,48.0,76,74.9,61,72.9,248,35.5,248,35.6,131,58.1,24,48.5,116,10.1,102,8.3,127
Nevada,50.7,177,48.9,96,39.2,25,31.6,193,22.5,338,25.2,49,15.299999999999999,25,19.1,116,34.0,176,32.8,103,50.5,175,48.6,100,79.0,6,74.0,297,37.3,185,42.4,320,57.9,32,53.0,240,9.4,133,8.3,128
Penn,53.400000000000006,46,49.1,101,29.9,235,31.3,185,30.2,127,27.6,149,19.0,237,14.899999999999999,345,36.0,75,32.8,99,53.0,72,49.0,124,74.3,86,68.6,43,38.7,138,44.0,346,53.9,95,51.6,201,9.3,136,8.3,129
Furman,55.60000000000001,13,50.5,171,34.2,87,31.8,203,30.099999999999998,131,27.500000000000004,141,16.0,42,18.6,138,34.5,160,33.0,114,59.1,2,51.1,215,73.1,132,70.5,119,46.5,13,34.9,99,59.2,20,42.8,27,8.4,191,8.3,130
Oakland,49.2,251,54.800000000000004,343,31.6,179,22.5,7,24.2,307,32.7,333,15.1,21,18.7,135,30.6,338,37.5,343,51.3,135,53.9,323,78.1,14,76.2,354,39.6,117,39.2,247,45.7,308,61.8,356,7.2,269,8.3,131
New Hampshire,45.7,341,48.8,93,29.299999999999997,253,29.299999999999997,127,25.900000000000002,256,27.400000000000002,136,14.899999999999999,15,16.0,305,33.4,211,30.7,26,42.6,360,50.2,180,69.7,265,69.4,66,41.1,81,32.6,42,50.3,180,39.5,6,6.7,292,8.3,132
Rice,53.300000000000004,49,54.6,337,33.7,103,25.6,32,23.799999999999997,317,26.1,77,18.2,179,16.1,303,35.5,106,36.7,317,53.3,64,54.4,330,73.9,101,69.7,80,42.8,54,37.0,171,55.0,75,46.3,70,6.0,319,8.3,133
Hofstra,55.400000000000006,17,46.0,16,20.9,362,24.5,22,23.1,329,31.1,301,15.6,33,18.4,155,36.9,40,30.8,27,55.4,17,45.9,27,73.9,98,69.6,75,38.7,139,36.6,152,49.2,217,51.5,197,11.2,66,8.4,134
South Alabama,52.800000000000004,69,46.300000000000004,22,21.4,360,28.499999999999996,110,21.099999999999998,349,28.599999999999998,191,14.6,11,16.2,297,34.6,154,28.4,3,53.4,59,47.8,71,69.8,260,71.8,187,37.8,170,28.7,5,41.9,354,41.3,14,10.3,88,8.4,135
Stanford,52.400000000000006,85,51.1,207,28.999999999999996,261,28.499999999999996,109,31.6,85,26.400000000000002,84,19.2,251,18.4,158,35.9,79,35.3,253,51.4,129,49.8,164,69.2,278,73.7,290,39.9,111,41.0,298,57.9,31,51.3,188,10.0,111,8.4,136
George Mason,52.400000000000006,84,47.599999999999994,49,37.1,44,33.5,239,28.000000000000004,202,25.0,41,20.1,302,17.1,245,35.4,109,30.4,20,51.9,92,48.7,110,64.4,348,68.1,33,38.8,135,35.6,130,56.8,44,44.5,42,9.0,151,8.4,137
South Florida,51.1,165,49.7,129,31.3,187,37.4,308,32.7,53,27.500000000000004,139,19.5,267,18.8,132,33.7,188,34.8,228,51.3,133,48.2,85,64.8,344,72.8,247,37.0,197,38.8,229,50.7,171,55.0,281,8.5,186,8.4,138
North Carolina A&T,47.4,318,50.6,183,30.0,229,28.499999999999996,108,24.6,298,30.2,270,17.5,126,15.7,320,32.9,241,33.2,127,46.2,322,51.0,213,68.2,302,74.6,314,40.5,95,38.6,225,45.1,317,50.3,165,7.9,220,8.4,139
Kennesaw St.,52.900000000000006,65,51.2,211,36.5,53,36.199999999999996,292,27.500000000000004,216,25.8,64,17.9,153,19.6,92,37.1,34,34.8,227,51.3,132,50.5,194,66.3,331,69.2,59,37.9,162,39.3,254,54.2,85,47.0,80,7.8,225,8.4,140
Incarnate Word,48.5,284,54.400000000000006,332,33.300000000000004,118,32.7,222,26.3,246,33.2,342,20.0,300,20.5,64,34.1,173,36.8,322,47.3,297,53.9,324,74.9,64,71.6,175,32.6,305,33.4,52,48.2,242,48.9,131,7.5,237,8.4,141
Toledo,56.599999999999994,4,52.400000000000006,279,34.2,88,27.200000000000003,66,29.9,139,29.9,248,13.700000000000001,7,18.2,168,40.7,2,35.5,267,54.1,41,51.9,263,77.6,17,73.3,270,35.1,259,37.6,197,48.8,230,48.7,125,7.0,276,8.4,142
San Francisco,53.7,41,49.6,124,33.1,120,37.8,313,28.4,190,26.400000000000002,85,19.8,284,17.7,206,36.4,59,33.5,147,52.9,75,49.3,147,74.5,79,77.0,358,49.0,2,34.6,88,48.8,229,43.9,36,6.6,297,8.4,143
Northern Illinois,52.5,79,50.7,188,34.0,93,35.9,286,25.3,282,32.7,331,20.1,305,18.6,145,34.9,135,33.0,112,52.5,81,51.3,234,64.7,345,69.8,83,36.8,202,36.2,145,47.7,257,48.9,133,6.3,308,8.4,144
UC Riverside,50.0,216,51.4,228,26.0,331,37.4,309,32.2,66,22.8,9,18.0,163,17.299999999999997,230,35.1,123,34.3,198,48.4,257,51.4,243,69.3,275,72.0,200,37.5,180,29.2,7,49.4,209,44.8,47,4.7,350,8.4,145
Middle Tennessee,51.4,134,51.2,213,29.9,236,34.8,266,31.8,77,29.7,240,19.7,279,22.0,26,34.5,157,36.0,284,51.3,134,49.8,165,67.8,311,75.8,350,35.7,241,33.9,68,42.5,350,46.2,69,14.2,7,8.5,146
UMKC,43.4,362,50.1,156,33.300000000000004,116,39.4,332,35.9,11,29.4,226,19.900000000000002,292,17.299999999999997,232,27.3,363,34.6,219,44.7,345,48.9,122,71.5,192,74.9,326,35.5,250,40.5,286,40.1,362,47.3,89,11.2,64,8.5,147
Saint Louis,51.7,117,48.0,68,29.299999999999997,252,32.4,219,29.7,150,26.1,74,17.299999999999997,104,15.1,339,34.9,138,34.0,175,51.4,126,46.2,33,72.8,143,72.9,249,32.6,306,38.3,219,58.1,25,52.8,234,10.3,90,8.5,148
Temple,50.1,211,48.6,85,35.099999999999994,69,32.1,211,28.599999999999998,182,28.9,204,19.8,287,16.7,269,33.2,228,33.3,134,50.4,181,47.9,73,75.9,38,69.7,78,43.8,40,33.5,54,58.7,21,51.5,196,10.2,100,8.5,149
Alcorn St.,45.6,343,51.5,234,35.099999999999994,72,39.0,326,34.0,26,31.3,304,18.2,184,21.0,47,29.6,352,33.5,151,46.1,325,52.4,292,72.2,165,68.5,40,29.9,332,41.1,299,41.0,360,58.1,327,7.5,241,8.5,150
Colgate,58.4,1,52.400000000000006,278,27.500000000000004,304,20.599999999999998,3,25.5,271,23.9,20,15.0,17,17.9,182,41.0,1,35.8,276,56.8,7,51.6,247,66.4,329,68.8,46,34.8,261,36.6,154,61.2,13,53.8,257,7.4,247,8.5,151
Holy Cross,48.5,285,51.800000000000004,252,25.5,337,27.800000000000004,89,21.5,348,30.099999999999998,265,17.5,125,17.4,221,35.3,114,31.9,61,46.5,314,53.9,325,62.7,359,67.3,18,32.0,312,35.5,127,48.0,249,50.5,170,6.3,311,8.5,152
Abilene Christian,49.6,227,56.599999999999994,359,33.1,124,45.2,358,25.3,284,29.299999999999997,224,17.4,117,23.400000000000002,12,35.3,111,37.8,346,47.9,278,56.5,356,73.0,137,71.5,169,33.5,294,33.4,51,58.0,27,51.9,208,5.9,324,8.5,153
Arizona St.,47.9,302,46.0,17,30.4,217,33.0,230,29.5,154,31.8,317,17.0,83,20.599999999999998,59,31.3,322,33.4,143,48.5,251,43.3,5,69.5,269,70.2,103,39.2,127,39.4,256,56.1,59,53.6,252,13.5,17,8.6,154
Connecticut,53.300000000000004,53,45.1,9,32.300000000000004,143,39.300000000000004,329,39.0,1,26.1,71,18.7,220,19.6,94,35.6,99,29.7,12,53.1,67,45.4,17,75.8,41,73.6,283,41.6,70,29.2,6,62.5,8,40.3,9,13.1,22,8.6,155
Florida,49.9,220,46.1,19,35.3,67,29.4,132,23.5,322,30.099999999999998,264,15.6,32,17.299999999999997,224,32.4,270,31.8,59,50.7,169,45.4,19,72.1,168,70.9,142,36.0,231,30.7,20,49.0,221,44.2,38,12.7,26,8.6,156
Wichita St.,50.7,180,47.199999999999996,39,31.4,182,25.6,33,29.099999999999998,162,28.599999999999998,188,18.6,217,17.0,249,30.5,340,33.4,146,53.7,52,45.2,15,71.5,191,71.8,184,37.8,169,40.4,282,50.1,186,56.0,300,11.5,55,8.6,157
Creighton,54.400000000000006,29,46.9,29,28.000000000000004,288,19.900000000000002,2,26.0,252,23.0,12,16.7,70,14.399999999999999,354,35.8,85,33.5,149,55.0,21,45.6,21,76.0,35,72.6,230,42.0,63,29.4,9,57.2,39,47.4,91,9.6,122,8.6,158
Cleveland St.,49.4,239,48.5,83,30.4,218,30.9,174,35.099999999999994,17,35.0,358,17.299999999999997,111,20.9,51,30.2,342,32.1,72,50.9,152,48.6,99,68.1,304,72.9,254,26.8,353,37.7,200,48.1,245,51.4,193,9.4,132,8.6,159
Bryant,52.0,101,50.0,145,32.9,128,31.900000000000002,206,28.999999999999996,164,25.2,47,18.7,219,15.8,314,33.3,219,34.1,183,53.4,61,49.3,146,73.5,117,70.5,117,39.1,130,39.0,234,46.2,299,54.9,279,8.9,159,8.6,160
Western Illinois,50.1,210,53.400000000000006,314,31.4,186,27.400000000000002,76,26.900000000000002,231,26.700000000000003,100,15.1,18,16.400000000000002,291,31.5,315,33.9,170,51.8,101,54.6,334,69.9,258,71.8,186,37.5,179,32.2,36,51.9,145,38.1,5,8.7,167,8.6,161
Buffalo,49.7,222,51.9,257,31.900000000000002,157,36.6,295,32.2,64,29.099999999999998,216,19.3,261,18.4,159,31.4,319,34.6,217,51.1,145,51.9,264,70.2,239,70.5,121,33.9,283,35.2,116,51.4,156,52.1,214,8.1,209,8.6,162
Vermont,54.7,23,51.0,202,28.199999999999996,281,26.6,54,19.3,358,22.0,3,14.6,9,16.6,274,36.5,54,34.7,220,54.7,26,50.3,181,70.5,231,72.7,239,43.3,47,35.8,134,52.4,128,44.4,41,8.0,213,8.6,163
Navy,51.5,129,50.4,169,23.7,353,30.0,152,29.9,140,28.000000000000004,165,17.299999999999997,108,19.5,98,36.9,38,34.2,188,49.3,227,49.8,166,70.6,225,65.2,6,36.1,225,37.9,208,56.2,53,54.3,266,7.9,221,8.6,164
Stephen F. Austin,51.6,125,51.300000000000004,222,39.4,23,41.6,347,31.900000000000002,75,32.300000000000004,323,21.6,344,23.799999999999997,9,38.5,12,34.1,179,49.1,234,51.4,242,71.8,180,70.0,91,28.7,344,36.8,165,52.6,125,59.4,341,7.9,223,8.6,165
Loyola Marymount,53.1,59,51.800000000000004,247,31.6,178,34.9,268,30.2,128,24.6,29,18.3,187,16.2,299,36.5,57,34.3,194,51.9,96,52.0,266,67.0,322,73.0,260,43.1,51,33.1,46,42.3,352,45.3,57,7.3,251,8.6,166
Pacific,52.6,73,54.0,325,33.1,122,36.4,293,22.900000000000002,333,31.2,303,16.2,50,17.9,183,38.3,14,34.9,230,49.6,215,55.1,345,72.7,148,67.2,17,38.8,134,40.6,288,47.1,271,49.0,136,7.3,252,8.6,167
Charleston Southern,50.3,197,54.300000000000004,331,27.400000000000002,307,36.6,296,32.2,65,31.0,298,18.099999999999998,176,16.7,266,34.1,174,36.2,296,49.7,208,54.3,328,72.9,140,71.8,181,39.3,126,40.2,279,44.7,331,51.0,180,7.0,278,8.6,168
James Madison,51.5,130,49.4,114,38.9,27,31.8,202,31.3,93,27.6,147,18.6,216,21.4,34,34.5,158,31.5,51,51.4,123,50.7,203,70.1,245,67.6,22,37.0,194,37.3,181,46.1,302,47.0,82,6.8,287,8.6,169
Troy,49.4,242,48.6,86,32.5,135,34.599999999999994,259,30.3,123,30.099999999999998,261,18.7,224,21.099999999999998,41,31.2,323,32.7,97,51.2,140,48.4,88,71.0,213,75.6,344,40.9,87,35.8,135,52.1,137,46.1,67,6.6,298,8.6,170
Auburn,49.5,233,45.2,11,35.0,73,38.9,325,33.6,30,31.6,312,18.2,185,19.1,118,31.4,317,28.8,6,50.8,162,46.3,38,70.4,234,70.4,114,35.5,247,34.6,91,55.1,70,48.5,117,14.0,9,8.7,171
UCF,50.6,181,47.9,63,30.0,228,33.800000000000004,246,33.900000000000006,27,31.3,305,19.7,280,22.0,27,35.9,77,30.8,28,48.1,266,49.0,128,77.2,20,72.1,203,42.8,55,39.2,242,56.5,49,52.4,225,11.3,60,8.7,172
Purdue,52.300000000000004,88,47.099999999999994,36,36.8,47,18.6,1,38.5,2,23.3,13,17.299999999999997,102,15.5,329,32.7,253,31.0,37,54.3,35,47.4,59,74.7,65,73.1,264,38.1,158,35.0,107,60.1,15,50.6,171,10.1,104,8.7,173
Iowa,51.9,107,53.300000000000004,306,32.7,133,23.7,15,32.1,68,27.500000000000004,140,14.000000000000002,8,18.7,134,34.6,151,36.5,311,52.0,91,52.5,293,73.7,112,74.3,303,37.6,177,32.3,39,58.5,22,50.6,172,8.3,198,8.7,174
Mount St. Mary's,48.6,280,49.3,113,26.5,323,29.9,150,27.800000000000004,208,29.7,243,20.7,322,18.3,167,36.5,53,33.8,161,45.5,335,48.5,98,74.9,62,72.3,215,33.6,289,36.3,148,53.1,116,47.9,106,6.9,284,8.7,175
Liberty,55.800000000000004,12,49.5,119,25.8,334,27.800000000000004,88,25.8,263,20.1,1,16.0,40,19.400000000000002,102,36.5,52,35.1,242,56.7,8,47.6,66,72.3,158,72.8,245,48.6,4,37.1,174,57.9,30,42.1,19,6.1,314,8.7,176
Maine,51.1,161,53.400000000000006,313,23.0,358,28.7,115,22.900000000000002,332,30.0,258,18.7,223,20.3,70,33.5,206,34.6,214,51.5,118,54.4,331,72.2,167,71.5,170,35.6,244,36.9,169,51.1,163,52.1,215,5.8,331,8.7,177
Ohio,52.5,78,51.6,237,27.900000000000002,293,33.900000000000006,250,32.1,70,29.5,231,16.0,44,17.599999999999998,209,37.3,31,34.3,193,50.4,183,51.7,255,73.3,125,68.1,32,38.4,150,39.2,248,44.0,340,47.5,95,5.7,334,8.7,178
High Point,50.2,206,50.7,192,38.7,29,35.3,276,30.8,106,32.0,321,19.6,276,16.3,296,32.3,277,32.5,85,51.4,125,52.0,267,62.8,357,66.9,15,39.5,118,38.4,221,47.6,259,51.5,199,12.6,30,8.8,179
Tennessee,50.0,214,41.699999999999996,1,31.2,190,35.699999999999996,284,37.1,5,27.6,143,17.9,157,22.7,21,32.6,254,25.5,1,50.8,161,44.1,6,70.8,218,72.4,224,39.9,109,41.6,311,66.6,3,49.6,148,12.2,39,8.8,180
UNLV,48.9,266,52.2,275,36.199999999999996,58,30.7,164,27.900000000000002,204,31.2,302,17.5,127,25.0,3,33.5,204,35.8,279,48.1,270,51.1,219,73.1,133,73.0,257,39.7,115,44.6,349,48.8,231,57.6,322,11.5,57,8.8,181
Harvard,49.5,234,48.8,90,31.2,191,25.0,27,30.3,121,24.3,25,19.8,283,18.4,161,30.0,347,31.2,42,52.1,89,50.0,167,68.0,308,75.1,335,36.7,206,39.0,236,52.3,131,47.3,87,11.3,59,8.8,182
Central Michigan,46.5,332,51.9,259,36.9,46,41.0,341,30.5,115,32.5,328,22.900000000000002,357,19.2,114,30.0,346,35.6,274,47.4,295,50.9,209,70.4,235,67.7,25,38.1,156,40.5,285,47.6,260,51.6,203,10.8,78,8.8,183
Siena,49.5,235,49.4,116,34.8,76,33.6,241,30.099999999999998,132,26.700000000000003,97,19.6,273,18.4,160,35.0,129,33.3,132,48.0,271,49.2,141,73.7,110,68.1,31,34.5,268,27.6,3,53.0,117,42.6,26,10.6,80,8.8,184
Eastern Illinois,48.0,298,52.2,276,32.4,142,32.5,220,25.3,281,32.2,322,19.2,254,19.7,91,32.6,256,34.6,216,47.7,285,52.4,291,63.4,354,70.5,123,27.7,349,42.6,326,55.0,76,59.4,340,10.1,106,8.8,185
Brown,50.7,175,51.2,215,29.799999999999997,238,26.900000000000002,59,23.400000000000002,324,23.7,16,19.0,236,19.7,90,34.7,147,35.0,238,49.8,206,50.4,187,64.2,350,71.0,151,39.9,108,37.1,176,54.5,80,47.0,79,9.0,152,8.8,186
Coastal Carolina,47.5,315,53.1,303,28.9,264,29.299999999999997,128,30.3,122,30.7,290,17.8,151,15.5,331,30.6,339,36.7,318,48.4,259,51.3,235,78.8,7,72.1,202,37.9,166,47.1,357,45.2,316,56.5,305,8.5,188,8.8,187
Cal Baptist,49.2,248,47.8,60,30.9,202,29.4,135,29.7,148,25.900000000000002,65,17.9,154,15.9,310,32.8,247,30.3,18,49.2,229,49.0,127,66.1,333,73.0,261,43.1,52,32.6,41,55.2,68,45.3,54,8.1,207,8.8,188
Sam Houston St.,51.2,149,47.9,62,32.4,140,39.4,333,31.0,101,25.7,61,20.599999999999998,317,23.7,11,39.2,5,33.0,110,46.7,310,46.6,43,69.0,287,69.7,81,37.0,195,45.1,350,49.6,203,55.4,288,7.6,234,8.8,189
Northwestern St.,51.2,157,50.6,180,27.1,314,39.900000000000006,339,33.6,31,33.800000000000004,348,17.2,100,21.099999999999998,39,35.6,96,32.9,107,49.7,207,51.2,228,68.9,291,74.5,311,38.7,143,34.4,83,46.0,305,52.0,212,6.5,301,8.8,190
Idaho,52.0,100,54.300000000000004,330,35.8,63,31.6,194,19.6,356,27.800000000000004,155,17.2,95,16.1,302,32.0,293,38.7,356,54.2,39,52.6,296,77.1,23,73.1,262,36.2,223,32.5,40,44.5,336,43.0,31,4.7,349,8.8,191
Northern Arizona,50.3,196,55.400000000000006,351,26.8,321,38.0,316,26.5,242,25.2,48,16.0,41,17.1,237,35.7,93,36.2,294,48.2,265,56.1,352,73.8,107,73.3,271,38.3,154,39.1,240,50.9,167,52.4,226,4.5,354,8.8,192
Fordham,48.3,291,46.6,27,37.9,35,38.0,315,30.0,137,25.4,55,19.3,256,19.5,100,31.9,295,32.4,83,48.7,248,45.8,26,75.1,51,73.2,268,41.5,74,30.2,14,52.8,123,47.6,97,12.4,31,8.9,193
Northeastern,47.9,299,50.1,153,27.700000000000003,297,31.7,201,31.7,82,26.900000000000002,109,21.3,338,14.499999999999998,353,33.2,229,34.9,235,46.8,308,49.2,143,68.5,295,71.5,173,37.2,188,29.5,10,52.9,119,45.4,58,10.0,107,8.9,194
Lafayette,49.1,254,50.4,170,24.9,343,29.299999999999997,130,23.599999999999998,320,25.900000000000002,68,18.3,189,18.5,149,33.3,215,34.0,176,48.3,262,50.0,170,62.7,358,70.2,106,48.6,3,41.5,308,69.4,1,54.6,270,9.7,121,8.9,195
Tarleton St.,47.8,306,52.6,290,48.5,1,47.9,362,25.4,276,30.2,269,18.2,183,23.9,8,33.6,193,36.2,297,47.0,305,51.3,237,69.5,271,73.8,293,25.5,359,42.8,330,48.3,240,56.9,316,9.5,129,8.9,196
North Carolina,48.9,264,48.5,84,37.8,37,26.1,43,30.4,116,23.5,14,15.299999999999999,24,14.899999999999999,341,30.8,335,33.1,124,50.6,172,48.0,78,74.3,85,70.6,124,37.2,187,31.9,31,45.0,320,41.8,16,9.2,137,8.9,197
Manhattan,49.7,225,51.5,232,32.0,153,30.5,161,26.3,245,34.699999999999996,357,19.900000000000002,295,20.7,58,33.8,182,36.6,315,49.2,232,49.6,158,66.1,334,70.7,135,35.8,237,36.2,146,51.9,147,56.8,312,9.2,141,8.9,198
Delaware St.,45.9,340,53.900000000000006,323,29.2,256,37.2,306,30.4,120,29.5,233,23.5,361,19.0,127,31.8,302,39.0,358,45.1,340,50.5,197,69.6,267,70.1,99,30.8,323,43.1,334,51.5,155,62.6,360,8.7,173,8.9,199
UTEP,48.699999999999996,272,51.1,209,39.800000000000004,21,36.7,297,32.9,50,29.799999999999997,244,23.0,358,23.200000000000003,14,28.9,357,33.0,119,50.9,155,52.0,269,63.2,355,72.6,237,29.9,334,37.4,190,46.2,298,42.8,29,7.8,224,8.9,200
Howard,52.0,96,52.2,273,31.7,169,35.0,274,33.1,44,31.5,310,22.8,355,20.9,54,37.6,21,34.9,231,49.5,221,52.0,270,72.5,154,69.1,54,36.1,226,37.4,187,53.9,93,47.6,96,7.7,231,8.9,201
NJIT,48.3,289,52.300000000000004,277,28.199999999999996,282,27.900000000000002,90,23.400000000000002,325,29.099999999999998,218,16.0,43,14.899999999999999,343,35.2,117,34.0,174,46.1,326,53.2,314,67.5,316,67.6,23,32.5,307,39.2,249,45.1,318,49.7,155,7.6,233,8.9,202
Baylor,52.900000000000006,64,51.300000000000004,220,37.5,40,31.7,198,35.099999999999994,18,30.099999999999998,259,18.099999999999998,173,19.8,83,36.8,42,32.0,63,51.1,143,53.2,312,74.6,76,70.7,133,44.9,25,37.9,205,56.5,48,60.8,353,6.9,286,8.9,203
Western Michigan,48.8,269,54.800000000000004,344,27.800000000000004,296,33.1,232,33.0,46,27.6,146,19.1,246,14.399999999999999,355,32.1,288,37.0,330,49.3,228,54.4,332,72.3,160,71.9,192,42.0,62,39.8,267,48.9,226,55.1,283,6.1,318,8.9,204
Memphis,53.0,63,47.699999999999996,55,36.0,60,35.0,271,31.3,95,31.7,314,18.7,225,21.099999999999998,42,34.4,164,31.4,49,53.5,57,48.2,83,74.1,88,74.4,308,28.3,346,43.1,335,54.3,83,56.0,298,13.2,21,9.0,205
UAB,51.1,158,47.599999999999994,53,36.5,51,30.9,173,36.9,6,29.099999999999998,214,17.7,138,19.3,107,36.9,39,32.7,92,49.2,231,46.8,49,72.7,146,71.9,191,31.5,316,37.3,184,50.9,166,48.4,115,11.7,54,9.0,206
Central Connecticut,48.1,295,51.300000000000004,225,23.3,356,26.5,53,28.499999999999996,183,28.199999999999996,177,17.9,159,16.400000000000002,293,32.7,252,35.4,265,47.5,291,50.2,178,70.9,216,74.3,305,35.7,240,37.2,179,52.1,139,56.5,304,10.6,82,9.0,207
North Dakota,51.0,169,53.5,317,27.3,310,28.000000000000004,93,25.7,267,27.400000000000002,137,16.7,72,15.5,328,34.4,166,36.4,306,50.6,174,53.0,304,69.1,283,74.7,318,44.5,31,31.4,27,44.7,329,40.5,11,6.7,293,9.0,208
Little Rock,49.2,252,56.10000000000001,357,31.900000000000002,160,37.0,303,29.299999999999997,158,30.4,278,18.0,167,19.2,109,32.5,265,39.5,359,49.4,223,54.1,326,73.7,113,66.7,12,29.9,331,38.7,228,54.4,82,53.2,245,6.0,321,9.0,209
Texas A&M Corpus Chris,51.0,168,53.1,302,35.4,66,39.4,331,32.2,67,26.900000000000002,107,18.3,192,21.099999999999998,40,36.7,44,33.4,137,48.8,243,55.2,347,80.1,2,68.5,39,35.8,235,42.1,319,56.2,54,56.9,313,4.6,353,9.0,210
VCU,51.4,132,47.3,42,42.5,9,30.4,157,29.299999999999997,157,29.799999999999997,245,19.900000000000002,293,24.6,4,33.6,192,32.7,96,51.8,99,46.3,37,70.5,229,70.1,98,32.5,308,34.3,81,51.9,146,50.4,167,12.3,36,9.1,211
Morehead St.,49.5,232,49.8,133,35.9,61,28.299999999999997,100,27.3,220,24.6,32,18.9,232,15.8,315,35.6,102,32.7,94,47.1,301,50.1,173,72.3,159,74.9,325,37.9,167,31.2,25,55.0,74,42.1,20,9.3,135,9.1,212
Boise St.,51.800000000000004,108,46.9,31,30.2,222,27.3,73,26.900000000000002,230,23.799999999999997,19,16.900000000000002,79,17.599999999999998,210,35.7,91,30.3,17,50.8,163,47.8,72,74.5,78,68.9,47,37.9,161,36.4,149,42.7,348,44.9,48,8.3,196,9.1,213
UT Arlington,45.6,345,51.7,243,30.099999999999998,226,38.4,320,33.0,48,30.9,294,21.5,342,20.4,67,32.2,278,37.2,335,44.1,347,49.2,144,66.0,335,71.2,158,34.8,264,37.9,209,55.6,65,55.9,296,8.3,201,9.1,214
Michigan St.,51.9,106,47.9,61,25.6,336,28.9,118,27.3,222,25.3,51,16.5,63,14.899999999999999,344,40.1,3,30.9,31,47.8,280,48.9,121,76.4,31,72.2,209,33.2,296,38.5,224,58.0,28,52.3,220,7.8,228,9.1,215
Charlotte,54.50000000000001,24,50.1,150,24.8,345,25.5,31,23.1,330,23.7,17,17.2,93,17.8,193,37.5,25,34.4,203,53.3,63,49.1,130,74.7,67,73.4,275,40.9,86,38.7,227,52.9,120,43.0,30,7.7,230,9.1,216
Cal Poly,45.300000000000004,349,50.8,198,30.7,210,41.4,344,24.099999999999998,313,25.1,46,20.9,326,18.8,133,29.0,355,35.5,272,46.4,319,49.4,155,74.7,68,72.6,231,36.3,221,35.3,119,46.7,280,50.4,169,7.3,256,9.1,217
Bethune Cookman,46.7,331,52.5,288,32.5,136,35.0,272,26.3,247,33.900000000000006,351,18.3,198,19.1,120,35.7,89,35.3,254,43.4,353,52.1,281,69.9,255,73.6,286,33.1,299,36.6,156,46.3,297,52.1,217,7.2,265,9.1,218
Canisius,49.1,253,52.800000000000004,294,25.1,342,27.900000000000002,92,28.599999999999998,181,29.9,249,17.7,140,18.5,148,33.9,178,36.4,307,47.9,277,51.9,265,72.9,139,71.3,161,40.5,94,31.8,28,54.8,79,48.8,127,6.8,288,9.1,219
Mississippi Valley St.,45.4,347,53.300000000000004,311,38.0,34,39.800000000000004,336,28.7,178,32.4,326,23.400000000000002,360,19.5,101,34.9,134,35.8,278,42.8,359,53.0,307,66.5,328,68.5,42,27.6,351,39.5,262,47.0,274,53.5,250,6.0,322,9.1,220
DePaul,49.0,258,51.4,229,28.1,285,35.5,282,25.900000000000002,259,34.0,352,18.099999999999998,178,17.8,194,36.1,69,34.9,232,45.8,331,50.9,210,73.8,104,71.2,155,38.1,157,34.9,102,55.1,71,52.8,235,11.8,51,9.2,221
Delaware,49.6,231,51.800000000000004,251,33.0,126,29.4,133,25.0,291,29.799999999999997,247,16.5,65,18.6,140,32.0,289,36.6,316,50.5,180,50.1,172,73.4,123,72.6,233,36.5,212,34.7,93,48.0,248,53.7,255,10.0,114,9.2,222
Hawaii,48.699999999999996,271,44.7,6,33.7,99,27.200000000000003,67,29.599999999999998,151,26.5,88,18.3,190,16.8,258,32.8,246,29.7,13,48.4,254,44.7,10,74.9,59,74.8,320,37.0,198,26.0,1,46.6,288,32.7,1,9.0,149,9.2,223
Central Arkansas,47.099999999999994,325,54.7,339,24.3,348,28.9,119,27.900000000000002,203,30.5,281,18.099999999999998,174,16.7,265,31.6,310,36.3,303,46.8,309,54.8,340,75.1,55,71.4,162,41.3,77,39.2,244,46.7,285,46.6,74,8.2,203,9.2,224
Princeton,52.6,75,47.8,57,31.8,162,29.4,134,27.800000000000004,207,22.8,10,17.299999999999997,101,14.499999999999998,352,33.6,203,32.6,89,54.2,37,47.2,54,71.2,205,68.9,49,40.8,88,32.3,38,47.9,253,42.3,23,8.0,212,9.2,225
Bowling Green,50.5,185,54.1,328,32.5,138,33.6,243,29.799999999999997,145,28.000000000000004,166,17.5,123,16.3,295,33.8,185,36.4,308,50.4,185,53.8,321,70.8,221,73.0,258,35.5,249,37.3,182,49.4,213,51.3,190,8.0,216,9.2,226
Denver,52.300000000000004,86,51.7,240,39.4,24,27.700000000000003,84,29.799999999999997,144,27.400000000000002,133,21.4,340,15.6,327,32.9,242,33.9,166,53.4,60,52.2,282,72.6,149,75.2,338,26.0,357,40.0,275,43.4,345,51.7,205,8.0,217,9.2,227
Colorado St.,55.400000000000006,16,52.7,291,29.4,248,29.599999999999998,141,19.400000000000002,357,26.6,95,16.7,71,17.7,199,35.7,90,36.3,301,56.5,9,51.2,222,73.8,106,74.3,302,38.7,142,43.3,339,62.1,9,49.7,152,7.3,255,9.2,228
Cornell,55.400000000000006,15,55.7,355,28.9,265,30.599999999999998,163,28.799999999999997,170,29.2,220,16.7,73,22.0,24,34.9,133,35.5,271,58.4,6,57.3,359,71.9,176,71.6,176,48.0,6,40.2,277,57.7,34,58.2,328,5.9,327,9.2,229
FIU,52.1,93,52.1,268,28.4,273,30.5,162,26.0,253,36.5,361,20.7,324,22.8,19,32.7,248,36.2,299,53.7,53,50.5,191,73.0,136,75.2,337,35.6,245,40.1,276,44.8,328,54.3,267,11.1,73,9.3,230
Chattanooga,54.0,33,50.7,185,31.900000000000002,155,29.5,136,27.700000000000003,210,27.1,116,17.599999999999998,131,15.5,330,37.4,29,34.3,192,51.7,109,50.2,176,71.3,204,76.5,356,52.3,1,42.8,328,58.1,26,44.6,44,9.4,130,9.3,231
Arkansas St.,47.599999999999994,312,50.3,166,35.099999999999994,71,34.8,263,28.799999999999997,172,28.000000000000004,167,18.099999999999998,172,16.6,280,34.6,153,36.4,304,45.5,336,48.0,81,67.6,313,74.7,319,33.5,295,33.8,65,53.1,115,48.9,130,8.8,161,9.3,232
Arizona,56.49999999999999,5,47.3,40,36.6,49,25.900000000000002,40,31.3,90,26.3,82,18.4,201,17.0,248,37.8,18,32.8,98,56.4,10,46.2,31,71.7,181,71.2,156,38.2,155,38.5,223,65.7,4,48.9,129,8.5,183,9.3,233
Xavier,56.3,8,50.4,168,31.4,184,27.700000000000003,85,31.2,96,25.7,60,17.7,136,16.6,279,39.8,4,36.1,288,54.7,27,48.4,87,71.7,183,71.4,163,31.5,315,33.8,66,65.5,5,55.1,282,8.2,205,9.3,234
LIU Brooklyn,45.6,344,55.1,348,31.7,171,32.1,212,24.7,297,30.3,274,22.7,353,16.7,272,32.0,292,37.4,341,44.8,342,54.6,336,66.6,326,68.3,36,24.3,362,35.2,117,56.7,45,59.2,338,8.0,218,9.3,235
Cal St. Fullerton,49.6,230,48.3,76,39.0,26,32.4,217,26.1,251,29.9,253,17.8,149,20.599999999999998,60,36.4,58,30.9,32,46.4,316,49.6,159,69.7,264,70.8,139,38.5,145,39.4,257,43.9,341,49.5,147,7.5,239,9.3,236
Wofford,52.400000000000006,82,54.800000000000004,342,30.0,232,26.400000000000002,49,28.599999999999998,179,28.7,195,16.3,57,16.6,276,32.1,286,35.3,260,55.1,20,56.1,351,73.2,129,73.6,284,39.1,131,42.8,329,45.2,315,45.6,62,5.8,330,9.3,237
UC San Diego,49.6,229,51.800000000000004,250,26.1,329,27.900000000000002,91,23.200000000000003,326,29.299999999999997,225,17.9,161,16.5,288,33.0,235,37.1,333,49.6,217,49.7,161,74.0,92,72.8,243,39.2,128,35.6,129,47.4,262,56.6,309,5.8,332,9.3,238
Butler,49.7,224,50.1,152,26.5,325,22.6,8,20.0,354,29.5,237,17.7,139,18.5,147,33.0,232,32.2,75,49.8,204,51.1,218,73.8,105,70.6,125,35.6,243,33.4,50,52.1,135,53.2,246,11.1,72,9.4,239
Hartford,47.699999999999996,307,55.400000000000006,352,24.099999999999998,349,27.700000000000003,87,25.2,285,33.5,345,22.7,354,17.599999999999998,215,32.0,291,38.7,355,47.4,296,53.8,322,65.7,338,70.6,129,40.3,98,37.5,192,53.2,113,58.2,329,10.5,84,9.4,240
Dartmouth,50.0,215,51.300000000000004,223,29.099999999999998,259,31.7,200,23.5,323,26.200000000000003,79,20.200000000000003,309,16.5,290,32.6,260,34.0,177,50.8,165,51.6,251,69.6,268,72.9,252,41.6,69,35.0,106,49.2,216,44.6,45,10.2,96,9.4,241
Florida Gulf Coast,51.2,156,50.7,190,28.199999999999996,280,28.1,96,26.6,236,28.799999999999997,199,17.1,89,17.299999999999997,227,35.1,122,33.4,139,50.1,193,51.1,216,73.7,111,69.4,65,44.9,24,41.2,300,50.7,172,51.2,187,9.4,131,9.4,242
Marquette,56.8,3,52.1,265,27.400000000000002,305,29.299999999999997,129,26.700000000000003,235,31.3,307,15.2,23,22.900000000000002,16,35.4,107,35.9,280,59.5,1,51.1,214,71.4,201,70.1,96,41.1,82,37.6,196,59.5,17,59.2,337,9.0,155,9.4,243
Southern Utah,52.1,94,51.300000000000004,221,41.4,11,32.800000000000004,223,28.199999999999996,196,25.3,50,19.2,250,17.8,195,35.1,121,35.2,247,51.8,103,50.5,193,73.6,115,72.5,227,38.0,160,35.4,122,42.5,351,47.3,88,8.6,175,9.4,244
South Dakota St.,51.7,118,50.5,173,28.199999999999996,279,22.8,9,21.9,341,26.200000000000003,81,17.4,113,17.299999999999997,228,34.6,152,33.0,113,51.6,115,51.2,227,79.7,3,75.4,341,38.4,152,40.5,284,41.9,355,48.6,122,8.5,182,9.4,245
Monmouth,43.8,359,54.400000000000006,333,33.1,123,38.800000000000004,324,30.3,125,32.9,336,21.099999999999998,332,21.0,49,28.8,359,37.0,331,44.0,349,53.4,316,66.7,324,71.9,194,25.1,360,46.0,354,52.9,122,55.9,297,8.5,187,9.4,246
Jacksonville,50.6,184,49.8,132,22.8,359,27.0,62,23.9,316,25.7,62,19.1,242,14.299999999999999,356,33.3,220,32.1,70,51.0,150,51.4,240,77.0,25,73.2,266,39.5,121,49.5,361,53.6,101,55.8,294,8.4,195,9.4,247
Elon,47.8,304,52.1,270,27.500000000000004,302,28.999999999999996,120,24.9,292,30.599999999999998,289,18.4,207,17.1,241,29.2,353,35.2,252,50.5,177,51.4,241,70.5,232,70.8,138,40.3,99,45.7,352,49.6,204,58.2,330,6.5,302,9.4,248
Rutgers,47.9,303,45.800000000000004,14,29.099999999999998,257,27.1,64,31.8,76,27.3,122,17.4,116,21.8,28,31.9,294,30.3,19,47.8,279,46.2,35,70.1,242,68.5,41,30.3,329,43.2,338,59.3,18,55.5,289,12.7,27,9.5,249
Maryland,51.5,127,47.599999999999994,51,34.0,92,27.3,69,29.7,147,27.200000000000003,118,16.400000000000002,61,18.3,164,32.7,250,31.8,58,53.0,71,47.5,63,73.7,108,73.5,280,37.4,182,32.2,37,45.6,310,47.1,83,9.9,115,9.5,250
Bucknell,51.300000000000004,145,51.2,214,26.900000000000002,319,27.700000000000003,86,25.4,273,25.0,42,20.200000000000003,308,15.4,336,34.5,163,36.4,305,51.1,148,49.4,153,71.8,178,64.1,3,37.0,193,35.8,136,53.5,102,55.5,290,9.9,116,9.5,251
Hampton,45.1,354,53.900000000000006,324,32.1,152,35.3,277,26.5,240,30.3,273,16.0,47,15.7,319,32.1,287,37.9,348,43.4,354,52.2,286,68.7,293,69.5,73,36.6,207,36.7,158,45.6,311,54.7,274,8.7,171,9.5,252
Stonehill,50.9,172,50.2,159,32.2,146,27.3,72,19.1,359,31.4,309,19.7,281,19.8,84,34.8,141,34.6,213,49.9,198,49.0,126,75.9,39,70.9,141,41.3,76,40.8,293,52.0,144,54.8,275,8.1,210,9.5,253
Houston Christian,51.7,116,57.4,361,41.099999999999994,14,33.1,231,28.4,187,31.3,306,21.2,336,16.6,285,36.4,60,37.5,342,49.6,218,58.0,362,73.3,127,71.5,168,40.9,85,33.6,59,56.9,43,53.2,244,6.4,305,9.5,254
Army,53.800000000000004,38,51.4,226,31.3,188,28.499999999999996,106,25.4,274,24.2,23,19.1,240,15.6,326,34.9,137,33.1,122,54.7,24,52.4,288,69.8,262,69.3,62,37.9,163,37.9,207,48.0,252,52.5,229,5.9,326,9.5,255
Missouri St.,50.1,209,49.3,111,27.200000000000003,312,30.4,160,33.2,40,26.900000000000002,106,19.1,244,18.6,143,32.8,244,32.6,91,50.9,153,49.5,156,62.6,360,72.1,208,43.1,50,39.1,239,48.6,234,48.6,120,13.5,16,9.6,256
TCU,50.5,188,48.0,70,34.300000000000004,86,29.599999999999998,139,32.5,57,30.599999999999998,285,17.2,98,22.0,25,29.6,351,31.1,39,53.0,70,48.7,108,70.1,244,70.5,122,29.0,341,34.8,98,58.5,23,56.6,306,12.2,41,9.6,257
Alabama A&M,48.699999999999996,274,49.8,134,34.1,89,41.3,343,28.499999999999996,185,33.800000000000004,350,21.099999999999998,333,21.5,33,35.0,126,34.3,199,46.9,307,48.7,113,64.0,351,70.6,131,32.1,311,40.5,287,49.5,207,54.1,263,12.0,46,9.6,258
Providence,51.6,121,49.6,126,37.1,45,26.0,42,35.4,15,26.400000000000002,83,16.900000000000002,80,16.5,286,35.5,105,33.4,138,50.9,157,49.3,150,74.6,73,74.4,307,31.4,317,33.2,48,53.4,106,47.3,86,11.7,53,9.6,259
Longwood,50.2,208,51.2,217,33.6,105,33.5,240,32.1,69,26.900000000000002,108,17.8,145,21.5,32,34.3,168,34.7,221,49.5,220,50.5,196,71.6,190,72.6,234,37.2,191,41.9,316,48.3,239,53.2,247,7.1,273,9.6,260
Georgia Tech,48.5,281,49.8,135,23.0,357,30.7,168,27.700000000000003,211,29.799999999999997,246,16.0,46,16.0,306,33.6,201,30.8,30,47.2,299,51.7,257,69.4,272,71.6,177,38.5,146,35.3,118,53.9,92,56.6,307,10.9,76,9.7,261
Saint Mary's,52.800000000000004,70,45.9,15,30.2,221,29.9,149,33.300000000000004,38,21.7,2,16.3,51,19.3,106,36.8,43,32.2,73,51.4,124,44.8,11,69.5,270,75.6,345,37.4,183,32.0,34,48.2,241,35.1,3,10.2,95,9.7,262
Fairfield,46.2,337,49.0,100,37.8,38,27.6,80,28.599999999999998,180,29.5,236,18.0,165,17.9,185,28.8,360,28.8,7,47.9,273,51.6,252,72.0,173,73.2,269,36.7,205,31.1,24,41.3,357,43.2,32,8.9,156,9.7,263
Loyola Chicago,53.1,56,51.7,239,31.1,199,37.5,310,24.4,304,28.9,206,22.1,350,17.9,190,33.6,198,34.4,206,54.8,23,51.7,254,69.2,280,75.5,343,40.0,105,37.5,193,56.1,58,50.7,174,8.5,184,9.7,264
Oklahoma,53.1,57,48.3,75,29.9,234,30.2,155,23.799999999999997,319,27.0,114,20.200000000000003,310,15.5,333,35.4,110,31.4,47,53.1,69,48.8,114,73.4,122,70.5,118,37.3,184,30.6,18,53.3,110,42.8,28,7.4,243,9.7,265
East Carolina,47.3,321,49.9,143,37.3,42,33.4,235,33.4,35,28.9,201,19.2,253,17.299999999999997,231,31.8,305,33.0,118,47.1,302,50.1,174,69.0,289,71.0,148,41.9,64,34.1,74,56.1,56,49.1,138,7.3,253,9.7,266
UC Davis,50.3,195,50.5,175,43.0,7,32.0,208,32.300000000000004,61,28.999999999999996,210,20.4,314,20.8,57,34.3,169,36.6,314,49.7,209,48.6,102,70.8,220,70.9,143,35.2,256,30.0,12,48.1,244,45.3,56,6.4,303,9.7,267
Richmond,51.300000000000004,139,50.6,179,33.6,104,26.3,46,21.5,347,25.0,43,17.1,86,16.7,263,33.3,217,33.6,154,52.4,86,50.7,202,73.8,103,72.0,196,44.9,26,40.8,292,51.6,154,50.3,163,6.4,304,9.7,268
Milwaukee,52.2,90,48.0,67,32.4,141,29.299999999999997,126,32.6,55,32.9,335,21.8,347,17.9,189,35.6,100,31.4,46,51.4,122,48.7,111,73.0,135,73.3,272,38.5,148,42.5,323,49.7,200,49.8,156,14.7,6,9.8,269
Morgan St.,47.0,327,50.6,184,31.6,176,42.699999999999996,351,30.2,130,37.6,362,21.7,345,23.799999999999997,10,35.6,95,32.0,64,44.3,346,52.0,275,68.8,292,68.0,30,30.0,330,34.3,82,53.8,96,57.5,319,11.3,61,9.8,270
Illinois St.,50.2,207,51.800000000000004,249,31.3,189,34.0,253,28.199999999999996,197,26.700000000000003,98,21.8,346,16.7,271,33.6,200,33.7,158,50.0,195,52.6,297,79.3,5,69.9,84,40.6,93,37.7,198,46.7,283,49.1,140,9.5,127,9.8,271
Georgia St.,45.6,342,50.7,194,33.5,110,35.4,279,30.099999999999998,133,29.5,234,19.5,270,17.5,218,29.0,356,36.5,313,46.5,315,48.6,104,72.1,169,72.4,222,30.6,326,33.8,67,44.9,326,52.3,224,9.1,146,9.8,272
Notre Dame,52.0,97,52.0,261,23.400000000000002,355,26.200000000000003,45,19.7,355,26.900000000000002,111,13.4,4,13.600000000000001,361,35.8,86,34.3,196,50.8,166,52.3,287,76.2,34,74.9,324,43.2,49,36.1,142,47.2,266,51.0,179,7.3,257,9.8,273
Akron,51.2,150,50.1,151,33.800000000000004,97,27.1,63,30.0,136,26.0,70,16.3,53,18.099999999999998,173,34.5,161,35.4,263,50.9,159,48.4,89,74.7,66,74.6,313,44.1,37,35.2,113,51.7,150,48.0,108,6.9,285,9.8,274
Duke,50.2,201,46.2,21,29.9,233,23.1,11,36.8,7,26.1,72,18.4,200,16.8,259,32.9,239,30.6,25,50.6,170,46.4,39,76.8,27,76.0,351,35.3,255,34.9,104,55.6,64,47.8,103,12.4,32,9.9,275
Old Dominion,46.400000000000006,334,48.3,77,36.199999999999996,57,34.699999999999996,262,32.800000000000004,51,28.999999999999996,209,17.1,90,17.7,201,31.5,314,31.7,55,46.1,323,48.8,117,68.0,307,66.9,14,29.8,335,42.4,321,44.3,338,56.6,310,11.5,56,9.9,276
Fresno St.,49.4,237,51.2,218,24.6,346,31.5,191,24.7,296,28.4,183,17.9,160,19.7,87,31.2,324,37.3,337,51.1,149,48.3,86,77.3,19,76.1,353,40.4,97,37.5,191,52.6,126,52.8,236,10.0,113,9.9,277
Virginia Tech,54.1,32,50.0,144,25.8,335,25.4,30,26.700000000000003,234,27.6,151,14.799999999999999,14,16.6,275,36.1,70,33.5,148,54.0,43,49.8,162,73.5,118,70.3,109,39.5,119,35.6,128,57.3,37,47.9,105,8.5,181,9.9,278
Tennessee St.,50.9,173,49.9,140,35.099999999999994,70,42.4,350,26.900000000000002,232,28.199999999999996,178,17.299999999999997,109,18.5,146,35.1,120,33.8,162,49.6,213,49.5,157,68.3,298,75.2,339,40.8,89,34.5,86,48.7,232,48.3,114,8.3,197,9.9,279
Tennessee Martin,50.4,193,49.6,127,36.1,59,34.0,251,27.0,227,28.999999999999996,211,16.8,76,16.8,256,31.9,298,32.3,80,51.9,95,50.5,192,71.6,188,69.6,76,36.4,214,41.3,305,44.7,332,54.6,272,9.0,153,10.0,280
North Florida,53.300000000000004,50,52.400000000000006,280,28.4,274,23.5,14,26.200000000000003,248,32.9,338,17.299999999999997,110,14.000000000000002,358,36.4,63,35.5,268,52.1,90,52.1,277,72.0,174,73.4,277,47.8,7,29.3,8,47.2,265,52.1,216,8.4,193,10.0,281
Tennessee Tech,51.4,133,51.7,241,29.9,237,25.8,39,23.799999999999997,318,30.2,272,17.8,150,18.0,177,37.3,30,34.0,172,48.1,269,52.1,279,71.5,195,74.3,304,42.5,58,39.2,243,54.0,91,56.9,314,6.4,306,10.0,282
Penn St.,56.10000000000001,11,49.9,138,18.8,363,25.7,37,18.0,363,24.7,35,13.4,2,13.8,360,38.9,8,34.6,212,53.9,47,48.7,106,73.7,109,70.2,101,48.2,5,38.0,210,53.4,107,55.5,291,6.3,312,10.0,283
Fairleigh Dickinson,51.6,123,56.2,358,27.700000000000003,299,34.9,269,31.3,94,28.7,192,16.400000000000002,62,21.7,30,34.3,167,37.2,334,51.7,112,56.5,355,75.6,46,75.4,342,37.3,186,40.7,290,51.7,152,56.7,311,5.7,336,10.0,284
Weber St.,51.1,160,53.0,297,34.0,96,31.7,199,21.6,346,22.8,11,19.400000000000002,262,19.0,126,33.4,210,37.0,328,51.7,111,51.2,226,76.0,36,70.2,100,38.0,159,41.3,304,46.2,301,58.9,335,4.4,358,10.0,285
Washington,48.9,263,47.0,35,31.7,165,25.7,35,26.400000000000002,244,34.4,356,20.0,301,18.5,150,31.5,311,29.8,15,49.8,203,48.4,90,74.6,72,70.5,116,36.5,211,37.2,178,46.6,289,60.3,347,13.4,18,10.1,286
Texas Tech,52.6,77,48.9,94,34.9,74,28.499999999999996,104,31.7,79,29.5,232,19.7,278,20.1,75,34.8,140,32.3,79,52.8,76,49.2,136,71.6,186,70.5,120,36.7,204,43.0,331,49.6,202,54.6,271,8.6,178,10.1,287
UT Rio Grande Valley,51.0,167,52.1,269,46.400000000000006,2,38.6,322,29.2,161,29.4,228,22.1,351,16.900000000000002,255,33.5,209,34.7,222,51.4,128,52.1,278,69.9,254,74.0,298,34.1,280,35.5,126,55.1,72,61.4,355,7.6,235,10.1,288
Coppin St.,51.4,135,53.300000000000004,307,37.2,43,34.1,254,18.6,362,35.699999999999996,360,20.1,306,18.5,151,33.9,179,34.1,182,51.7,108,54.8,339,71.7,184,72.1,205,44.4,33,41.7,312,46.0,306,58.7,334,7.0,283,10.1,289
Oregon St.,46.800000000000004,330,49.8,136,33.7,102,33.900000000000006,248,25.1,287,30.5,284,20.9,327,18.2,172,32.4,269,34.0,178,45.8,330,49.1,135,75.1,53,71.9,190,37.1,192,38.9,232,46.6,290,57.5,321,9.2,142,10.2,290
Belmont,55.300000000000004,18,51.1,206,24.3,347,29.299999999999997,131,25.4,275,30.0,257,16.8,77,17.7,200,38.9,7,35.6,273,53.2,66,49.8,163,72.5,152,66.4,10,41.5,72,33.5,55,54.2,84,49.0,134,7.8,226,10.2,291
The Citadel,49.3,244,52.400000000000006,282,28.9,263,33.900000000000006,249,20.8,350,31.7,315,18.2,186,16.900000000000002,254,32.5,266,33.9,168,49.6,214,53.5,318,75.3,49,72.2,210,38.7,141,41.5,310,46.7,287,51.9,209,7.8,227,10.2,292
North Alabama,51.300000000000004,140,52.400000000000006,281,30.9,204,32.0,209,23.200000000000003,328,28.1,171,15.6,31,15.2,338,36.1,71,37.7,344,49.9,202,50.0,169,70.7,223,71.8,185,34.6,267,36.6,155,41.1,359,52.0,213,7.5,240,10.2,293
Lamar,47.599999999999994,310,53.0,300,32.2,147,30.8,169,31.900000000000002,73,33.5,344,21.2,337,17.1,246,31.9,297,34.1,184,47.5,290,54.5,333,71.1,210,67.4,19,30.6,325,43.9,345,52.7,124,64.4,362,9.9,117,10.3,294
LSU,48.0,296,52.0,263,33.6,106,29.099999999999998,122,31.0,98,28.7,193,19.0,238,17.599999999999998,213,33.3,216,34.5,210,46.7,311,52.2,284,71.9,175,72.0,198,39.5,120,41.9,315,53.0,118,52.5,228,8.3,200,10.3,295
Indiana St.,56.39999999999999,7,48.199999999999996,73,31.900000000000002,154,31.4,187,21.7,344,22.7,8,16.7,69,17.5,216,35.7,92,31.8,57,58.8,4,48.5,94,76.8,28,73.2,267,46.2,14,36.1,141,57.3,38,40.2,8,5.1,344,10.3,296
Maryland Eastern Shore,48.0,297,50.7,193,30.7,209,34.8,265,27.0,228,31.5,311,21.099999999999998,329,24.6,5,33.5,205,32.8,104,46.4,317,51.5,246,71.2,207,72.2,212,40.4,96,37.4,186,57.5,35,55.0,280,4.9,345,10.3,297
Northwestern,47.599999999999994,308,48.4,80,29.599999999999998,241,30.8,171,28.299999999999997,191,27.400000000000002,135,15.1,19,21.7,29,32.3,274,33.9,169,47.0,304,46.6,42,74.9,60,68.0,28,41.3,75,42.5,322,54.9,78,62.0,358,13.7,13,10.4,298
Pittsburgh,53.1,61,48.4,79,31.6,173,30.7,166,30.599999999999998,112,28.000000000000004,164,16.6,66,17.0,247,36.0,72,33.1,121,52.4,85,47.6,67,75.7,43,71.0,145,44.8,28,39.7,264,54.5,81,51.8,206,11.9,50,10.4,299
Kansas St.,51.6,124,47.4,45,37.3,41,36.9,301,31.0,100,29.099999999999998,217,19.8,288,20.9,53,34.5,159,29.5,11,51.4,120,49.2,137,74.9,63,69.2,56,35.7,239,36.7,159,64.4,7,55.7,293,7.4,248,10.4,300
South Carolina,46.9,329,52.7,292,27.400000000000002,306,29.599999999999998,142,33.0,45,32.4,325,20.0,299,15.8,317,32.4,273,33.6,155,45.7,333,54.1,327,65.8,336,67.5,21,41.1,80,36.2,143,47.1,269,54.4,269,7.3,260,10.4,301
Quinnipiac,50.3,199,47.9,64,33.5,108,27.0,60,32.300000000000004,59,27.400000000000002,130,18.3,193,16.400000000000002,294,36.5,56,31.3,43,47.7,284,48.4,93,66.6,325,69.6,77,37.7,173,36.6,153,49.7,197,48.2,112,6.7,294,10.4,302
Niagara,50.1,212,49.9,142,30.8,207,33.300000000000004,234,25.8,264,27.500000000000004,142,18.4,203,16.8,260,33.6,199,36.2,298,49.9,201,48.0,80,71.7,182,72.3,219,34.3,273,29.8,11,44.4,337,43.4,33,6.2,313,10.4,303
Wisconsin,48.9,262,50.0,149,23.9,351,27.500000000000004,79,21.9,343,25.3,54,13.4,3,18.4,153,35.5,104,32.0,65,45.9,328,51.2,231,67.3,318,68.8,45,40.7,90,36.0,139,49.3,214,43.5,34,4.2,360,10.4,304
Prairie View A&M,45.300000000000004,348,48.699999999999996,89,33.5,109,41.8,348,31.4,89,28.599999999999998,187,19.8,286,21.099999999999998,44,30.9,333,33.4,145,44.7,344,47.9,75,67.8,310,71.9,193,34.0,281,35.0,109,47.6,258,49.7,154,10.0,110,10.5,305
Florida A&M,45.0,355,51.1,210,31.4,185,44.6,356,27.6,213,33.6,347,24.0,363,18.0,181,32.1,284,33.2,128,43.2,357,51.8,259,70.5,233,66.4,11,35.5,246,34.6,90,47.4,261,50.6,173,9.7,120,10.5,306
South Carolina St.,47.199999999999996,323,57.8,362,29.599999999999998,245,44.1,355,34.2,24,34.4,354,20.7,323,21.099999999999998,45,31.1,327,39.6,360,47.6,289,56.8,358,66.4,330,72.4,225,33.6,290,37.0,173,51.9,148,58.5,333,8.6,179,10.5,307
Louisville,48.199999999999996,292,54.2,329,32.300000000000004,144,30.3,156,28.4,186,29.7,241,22.5,352,15.4,337,33.0,236,35.4,264,47.4,294,54.9,342,73.9,102,72.3,217,36.0,232,40.0,273,41.5,356,56.0,302,8.1,211,10.5,308
Davidson,50.7,176,50.5,174,33.300000000000004,117,27.3,71,24.8,295,28.499999999999996,185,16.3,56,17.2,233,32.6,259,32.8,105,51.7,107,51.2,225,75.0,58,71.0,146,37.0,196,36.7,157,52.4,129,48.7,123,3.4,363,10.5,309
Utah,49.1,256,45.0,8,29.2,254,23.9,17,31.5,87,27.400000000000002,131,18.0,164,15.5,332,33.4,212,30.2,16,48.5,249,44.8,12,71.0,211,66.3,8,37.5,178,35.4,123,57.7,33,53.1,242,10.3,91,10.6,310
Louisiana Monroe,45.2,352,51.7,244,30.0,231,28.599999999999998,113,27.3,221,29.9,251,18.7,222,17.599999999999998,211,34.2,171,36.0,285,41.6,361,50.3,186,70.9,217,73.7,288,37.6,176,38.6,226,51.2,160,53.9,259,10.3,92,10.6,311
Minnesota,48.6,277,50.6,182,30.5,216,24.099999999999998,18,25.3,277,31.1,300,19.400000000000002,265,15.0,340,31.9,300,35.9,282,49.0,239,49.2,140,61.5,363,70.2,107,35.4,251,31.0,23,61.8,11,51.5,195,9.6,123,10.6,312
College of Charleston,52.0,98,48.1,71,31.8,163,24.8,24,35.4,14,24.9,37,16.8,75,19.1,117,33.8,183,30.6,23,53.1,68,49.1,131,74.0,91,67.8,26,47.4,9,31.9,30,49.8,194,45.0,50,7.6,232,10.7,313
Wyoming,51.7,111,53.5,316,33.4,114,28.599999999999998,111,24.099999999999998,311,25.1,45,18.4,199,16.6,282,34.8,144,36.8,321,51.4,130,52.4,289,71.5,196,78.4,362,45.5,17,40.0,271,46.7,286,49.5,146,7.5,238,10.7,314
Georgia,47.199999999999996,324,50.2,162,40.300000000000004,19,28.499999999999996,103,30.599999999999998,111,30.2,267,19.400000000000002,263,17.1,244,31.6,309,32.3,81,47.0,303,51.3,236,72.2,163,68.9,48,38.4,151,36.9,166,49.0,223,55.8,295,7.0,281,10.7,315
Southern Illinois,51.7,112,47.599999999999994,50,30.599999999999998,213,29.799999999999997,146,22.8,334,27.3,128,19.3,260,19.6,95,32.2,279,33.0,117,54.6,29,46.7,44,72.2,162,64.9,5,46.6,12,34.1,73,59.2,19,48.8,126,6.1,317,10.7,316
Utah Tech,52.800000000000004,67,54.1,327,45.4,4,34.9,267,28.7,175,27.1,115,21.2,334,20.5,65,37.7,19,37.4,338,50.1,194,52.9,303,70.0,249,73.5,282,41.7,68,36.8,162,50.4,177,52.3,222,5.9,325,10.7,317
Western Carolina,49.0,260,51.1,208,34.5,84,34.0,252,25.8,265,25.5,57,15.7,34,15.7,318,33.6,202,33.1,123,48.1,267,51.7,256,71.0,215,71.5,172,41.5,73,30.2,13,48.8,227,42.5,25,5.8,328,10.7,318
Wagner,44.9,356,49.1,105,25.2,341,47.0,360,34.4,23,24.8,36,19.1,241,20.9,52,30.2,343,31.5,53,44.7,343,50.2,179,68.3,299,71.8,189,35.3,254,36.7,160,50.8,170,53.9,260,5.5,340,10.7,319
Northern Colorado,52.6,74,53.1,301,31.5,180,31.2,182,24.4,302,27.0,113,17.5,121,14.099999999999998,357,36.4,62,33.3,131,51.2,141,54.7,337,74.0,96,71.7,179,40.0,104,33.7,60,44.9,325,48.5,118,4.3,359,10.7,320
Air Force,54.50000000000001,27,49.3,107,31.1,196,34.8,264,22.0,340,28.599999999999998,190,18.8,228,17.1,242,35.6,101,29.0,8,55.4,16,52.1,276,71.5,194,74.9,327,45.0,22,32.7,43,64.9,6,41.8,15,11.1,71,10.8,321
Campbell,52.7,72,52.5,285,38.0,33,32.1,210,24.4,303,27.800000000000004,154,18.099999999999998,171,18.4,157,32.9,237,34.4,207,54.7,25,53.2,310,69.8,263,70.0,93,38.6,144,41.3,303,50.0,189,48.2,111,8.6,176,10.8,322
Seattle,46.300000000000004,335,48.3,78,31.7,166,32.800000000000004,225,29.9,141,26.8,104,17.0,82,17.8,191,31.0,332,32.0,68,46.1,324,48.5,97,71.0,214,71.0,147,44.6,29,34.2,76,48.3,238,51.3,191,8.3,199,10.8,323
Texas A&M,49.2,247,47.4,47,46.300000000000004,3,35.4,278,36.3,9,30.2,266,18.2,182,21.2,38,32.5,264,32.2,77,49.5,219,46.7,46,76.2,33,70.7,132,34.6,266,46.0,353,53.4,109,59.9,343,8.2,206,10.8,324
Boston University,47.0,328,50.5,176,28.999999999999996,260,36.5,294,28.7,177,24.6,30,17.8,142,18.3,166,32.4,268,33.8,163,45.9,329,50.3,185,74.0,93,69.7,79,38.7,140,39.3,253,43.3,346,49.6,151,7.2,264,10.8,325
Albany,47.3,322,55.300000000000004,350,31.0,201,36.8,300,27.800000000000004,209,26.700000000000003,99,19.2,252,16.6,284,32.2,282,35.3,259,46.6,313,56.5,357,72.9,141,73.9,295,41.2,79,34.1,75,49.0,222,53.8,258,4.4,357,10.9,326
Colorado,48.6,279,47.599999999999994,54,31.1,195,31.4,188,31.3,92,25.0,40,19.2,249,19.900000000000002,79,31.6,307,32.1,71,49.2,230,47.4,62,69.1,281,70.2,104,34.6,265,34.2,79,50.8,169,45.5,59,10.2,98,11.0,327
Fort Wayne,50.5,186,51.9,256,28.7,268,23.0,10,27.1,225,26.1,76,18.9,233,17.7,204,33.5,208,31.2,41,50.8,164,55.2,346,71.7,185,72.4,223,47.0,11,39.5,258,49.7,199,46.5,71,6.1,316,11.0,328
Villanova,51.7,110,50.9,199,31.6,177,27.6,81,22.6,337,26.200000000000003,80,15.9,39,17.599999999999998,208,33.2,226,33.7,159,53.3,62,51.2,224,82.3,1,77.5,361,47.7,8,41.5,309,46.8,277,59.5,342,5.2,343,11.0,329
Louisiana Tech,51.300000000000004,148,53.800000000000004,321,27.3,311,38.3,318,30.099999999999998,134,28.199999999999996,176,19.8,285,21.099999999999998,43,34.6,149,38.5,352,50.9,160,50.8,205,73.5,120,69.5,69,41.7,67,43.2,337,47.1,272,60.8,354,9.1,148,11.1,330
Arkansas Pine Bluff,45.2,350,51.4,231,33.800000000000004,98,43.2,352,26.6,239,28.999999999999996,212,21.6,343,21.4,35,31.1,326,34.5,211,44.0,348,51.1,221,74.1,89,71.5,167,43.4,43,35.7,133,54.1,88,60.0,345,7.2,267,11.1,331
Virginia,51.5,128,48.699999999999996,88,34.5,82,25.0,26,25.8,260,24.9,38,13.700000000000001,6,19.8,80,35.9,78,34.4,204,50.2,190,46.8,47,70.0,246,75.1,334,36.6,209,39.5,259,67.0,2,52.8,233,13.1,24,11.2,332
UNC Asheville,53.900000000000006,35,48.0,66,41.3,12,26.8,56,25.8,262,28.7,197,20.0,297,17.9,188,38.8,9,30.5,22,51.4,121,49.1,132,69.3,274,71.8,188,37.2,189,34.0,70,50.1,184,45.2,53,10.2,97,11.2,333
California,43.8,360,51.7,245,31.7,167,33.0,229,25.6,269,30.099999999999998,263,20.200000000000003,311,15.9,312,30.0,348,33.2,130,43.3,356,52.8,302,72.1,170,71.5,171,31.1,321,38.3,220,46.5,291,51.4,194,9.2,140,11.2,334
Saint Joseph's,50.4,194,51.2,216,34.5,85,32.9,226,28.999999999999996,165,30.099999999999998,262,18.4,206,19.0,125,33.2,225,35.0,239,50.9,158,50.2,177,68.9,290,69.4,67,45.2,21,42.0,317,47.9,255,58.2,331,9.2,143,11.2,335
Jackson St.,47.9,300,53.0,299,32.5,137,34.1,255,32.7,52,28.599999999999998,186,22.0,349,19.400000000000002,105,32.2,280,35.4,266,47.7,286,53.0,306,67.1,320,72.9,256,34.3,274,40.0,274,49.9,193,52.6,231,6.8,290,11.2,336
Green Bay,46.0,338,54.800000000000004,345,31.5,181,31.6,195,21.7,345,32.4,327,21.099999999999998,331,16.1,304,30.1,345,35.0,240,46.6,312,56.1,353,70.2,241,76.0,352,43.5,42,34.6,89,53.2,111,49.6,150,6.3,310,11.2,337
Tulsa,47.9,301,53.300000000000004,310,26.6,322,28.000000000000004,94,25.1,286,33.300000000000004,343,19.2,255,17.1,243,31.1,329,31.3,45,48.7,247,57.6,360,64.9,343,72.7,241,42.1,61,39.9,269,47.9,254,56.6,308,4.0,361,11.3,338
La Salle,48.3,290,51.800000000000004,253,28.1,286,30.8,172,30.4,118,30.599999999999998,287,18.099999999999998,175,18.099999999999998,174,34.5,162,35.3,256,46.4,318,51.3,238,69.2,279,70.3,111,36.5,210,34.2,78,47.7,256,51.0,178,8.4,192,11.4,339
Alabama,52.800000000000004,68,42.1,2,38.2,31,33.5,238,33.2,42,27.3,121,19.1,245,16.0,308,33.9,180,28.4,4,54.6,28,41.9,1,72.8,142,70.6,126,47.4,10,30.9,22,53.6,99,42.4,24,11.2,62,11.5,340
Southern,48.699999999999996,275,51.300000000000004,224,34.0,94,42.0,349,24.3,306,28.1,170,20.5,316,22.900000000000002,17,33.1,230,33.9,165,48.0,272,51.5,245,72.2,164,69.0,50,40.1,102,40.4,281,56.7,46,60.3,346,7.2,268,11.5,341
St. Thomas,52.400000000000006,83,52.1,267,31.7,168,30.7,165,23.599999999999998,321,28.999999999999996,213,15.2,22,17.4,219,35.4,108,34.1,180,51.8,102,52.5,294,78.2,11,74.9,323,44.9,27,35.4,120,50.0,188,45.3,55,6.1,315,11.5,342
South Dakota,50.2,202,53.0,298,28.299999999999997,277,31.2,183,24.9,293,27.3,127,17.5,122,14.6,348,38.5,13,36.1,289,45.1,339,52.2,285,75.6,45,73.9,294,40.2,101,40.5,283,50.2,183,47.4,92,4.4,356,11.5,343
Merrimack,48.5,286,49.1,104,34.599999999999994,79,26.5,50,20.1,353,35.699999999999996,359,21.0,328,26.3,1,32.5,263,32.8,106,48.2,264,49.1,134,68.3,297,72.1,206,44.5,30,32.7,44,57.9,29,60.5,351,10.6,83,11.6,344
Wake Forest,54.50000000000001,25,51.6,236,33.0,125,26.900000000000002,57,24.5,300,26.5,91,17.1,88,17.299999999999997,226,36.6,48,34.5,209,54.2,38,51.4,239,74.6,75,72.0,195,45.3,20,39.3,252,49.9,191,45.6,61,7.2,261,11.7,345
Chicago St.,48.8,267,53.300000000000004,309,31.900000000000002,158,35.9,287,33.5,32,33.2,341,21.3,339,16.7,270,32.9,240,35.7,275,48.4,258,53.1,309,72.6,150,69.3,60,41.8,66,37.4,185,46.7,282,56.1,303,7.0,282,11.7,346
Saint Peter's,43.7,361,50.1,155,27.3,308,51.4,363,36.6,8,30.0,254,20.0,298,19.6,96,28.9,358,34.6,218,43.9,352,49.0,129,69.0,288,72.0,201,35.1,258,36.4,150,46.7,281,49.0,137,10.0,108,11.9,347
SMU,47.4,316,51.7,242,33.4,112,33.0,228,27.900000000000002,205,30.599999999999998,288,17.9,162,19.0,124,31.1,328,34.7,224,47.8,282,51.6,253,66.8,323,70.8,140,33.7,286,37.3,183,53.2,112,56.9,315,9.0,154,11.9,348
Illinois Chicago,48.699999999999996,270,51.2,219,34.1,90,33.0,227,22.7,335,30.3,275,18.3,196,19.6,93,33.2,224,34.3,200,47.9,274,51.1,220,65.7,337,72.2,214,43.3,46,34.5,85,56.6,47,55.3,286,12.0,47,12.0,349
Nebraska,51.9,104,49.6,125,28.000000000000004,289,21.4,4,25.0,289,28.599999999999998,189,18.8,227,17.599999999999998,212,32.6,258,33.9,167,53.6,56,48.7,107,63.8,352,69.4,68,36.9,200,43.6,341,50.9,168,58.3,332,7.4,249,12.0,350
Seton Hall,49.2,249,47.3,43,40.6,17,31.1,176,30.7,108,30.5,280,20.4,315,21.3,37,33.3,213,30.4,21,48.9,240,48.4,91,68.0,306,72.9,255,32.7,304,37.4,189,52.0,142,54.1,262,12.2,40,12.1,351
Tulane,53.2,54,50.5,172,35.5,65,29.7,143,18.7,361,30.3,276,14.899999999999999,16,19.7,85,34.3,170,35.2,249,54.3,36,48.9,118,78.2,9,69.2,55,37.7,172,42.5,324,56.1,60,62.0,357,10.3,94,12.1,352
Presbyterian,47.3,320,54.0,326,36.5,54,39.1,328,29.9,142,29.5,235,20.8,325,18.4,162,31.5,313,38.5,354,47.3,298,52.0,273,62.0,362,66.3,9,36.3,218,35.0,108,46.7,279,47.9,107,9.1,145,12.1,353
North Carolina Central,50.7,179,49.4,115,34.5,83,33.900000000000006,247,33.1,43,29.599999999999998,238,22.900000000000002,356,21.6,31,33.8,181,31.7,54,50.6,171,50.5,195,71.6,189,68.3,35,33.9,282,36.3,147,50.2,182,55.2,285,8.8,165,12.1,354
Southern Indiana,50.5,189,51.800000000000004,248,33.4,113,40.300000000000004,340,32.6,56,25.0,39,18.3,188,16.7,267,36.6,49,35.2,245,47.2,300,51.0,212,68.1,305,72.1,207,42.6,57,39.9,268,46.5,292,49.3,142,6.5,300,12.1,355
Alabama St.,42.3,363,49.7,130,31.2,192,34.599999999999994,260,31.7,83,34.4,355,18.7,226,17.7,203,30.8,334,34.2,191,40.4,363,48.9,123,70.3,238,69.0,52,33.1,297,34.7,94,44.6,334,46.0,65,9.1,144,12.3,356
Columbia,45.5,346,52.0,264,28.1,287,28.799999999999997,116,25.3,279,30.9,296,19.900000000000002,294,17.599999999999998,214,30.4,341,33.1,125,45.4,337,53.2,315,71.1,209,70.2,102,40.7,91,34.5,87,46.7,278,53.2,248,4.5,355,12.5,357
Queens,51.2,152,53.0,296,35.9,62,25.4,29,29.7,146,26.1,73,17.599999999999998,129,15.7,321,34.8,145,35.3,255,50.5,178,53.0,305,72.2,166,71.8,183,44.1,36,36.5,151,50.9,165,48.3,113,5.9,323,12.6,358
VMI,47.8,305,56.89999999999999,360,21.0,361,28.1,98,28.9,167,27.3,123,19.3,259,14.6,349,34.2,172,37.4,340,45.0,341,57.7,361,75.8,42,71.3,160,44.1,35,50.1,362,43.9,342,60.4,350,4.0,362,12.8,359
UTSA,47.4,317,52.400000000000006,284,37.7,39,31.1,177,28.299999999999997,192,31.6,313,19.6,275,15.4,335,33.8,186,36.1,290,45.2,338,51.4,244,74.5,82,72.3,216,38.8,136,37.8,201,44.9,327,51.5,200,5.6,338,13.6,360
Rhode Island,44.6,357,48.9,98,36.6,50,32.2,214,32.0,72,29.2,219,20.599999999999998,319,17.2,236,30.7,336,32.3,82,43.9,350,49.3,151,75.0,57,69.6,74,31.1,320,35.1,111,49.9,190,52.2,219,10.2,101,13.7,361
Winthrop,55.1,21,54.800000000000004,341,41.6,10,31.0,175,25.900000000000002,257,34.2,353,20.599999999999998,320,17.4,223,37.9,17,35.8,277,53.8,51,55.5,349,74.7,71,64.2,4,44.9,23,38.0,211,46.7,284,50.3,164,8.1,208,14.1,362
William & Mary,49.4,243,53.900000000000006,322,29.2,255,27.400000000000002,77,27.400000000000002,218,29.9,250,18.8,230,17.0,250,36.3,64,35.5,269,46.3,321,54.3,329,67.9,309,70.2,105,37.8,168,36.9,167,49.7,198,48.6,119,5.4,341,14.9,363
